REF_DATE,GEO,male population(1000),female population(1000),male labour force(1000),female labour force(1000),male fulltime employments(1000),female fulltime employments(1000),male unemployed(1000),female unemployed(1000),male unemployment rate(%),female unemployment rate(%),male participation rate(%),female participation rate(%),male employment rate(%),female employment rate(%)
2019-01,Alberta,1717.0,1711.3,1322.4,1134.8,1100.4,775.2,96.1,66.7,7.3,5.9,77.0,66.3,7.3,5.9
2019-01,British Columbia,2064.8,2138.3,1459.5,1337.3,1186.9,889.5,70.7,59.5,4.8,4.4,70.7,62.5,4.8,4.4
2019-01,Canada,15049.1,15430.5,10615.5,9507.0,8669.0,6652.8,645.7,503.0,6.1,5.3,70.5,61.6,6.1,5.3
2019-01,Manitoba,513.3,521.4,377.4,324.9,306.7,222.0,24.1,16.1,6.4,5.0,73.5,62.3,6.4,5.0
2019-01,New Brunswick,313.0,326.3,202.2,192.5,164.8,142.2,19.2,14.0,9.5,7.3,64.6,59.0,9.5,7.3
2019-01,Newfoundland and Labrador,219.6,226.6,141.6,123.7,107.3,90.4,20.2,11.2,14.3,9.1,64.5,54.6,14.3,9.1
2019-01,Nova Scotia,386.8,414.1,252.2,244.6,204.0,172.6,21.3,13.8,8.4,5.6,65.2,59.1,8.4,5.6
2019-01,Ontario,5862.9,6086.9,4101.9,3679.3,3332.1,2618.0,244.2,194.7,6.0,5.3,70.0,60.4,6.0,5.3
2019-01,Prince Edward Island,63.0,65.6,43.9,41.6,34.8,31.1,5.4,3.2,12.3,7.7,69.7,63.4,12.3,7.7
2019-01,Quebec,3466.1,3501.8,2386.1,2149.3,1958.6,1516.7,127.0,108.4,5.3,5.0,68.8,61.4,5.3,5.0
2019-01,Saskatchewan,442.6,438.2,328.2,278.9,273.4,195.0,17.5,15.4,5.3,5.5,74.2,63.6,5.3,5.5
2019-02,Alberta,1718.6,1713.2,1324.0,1144.0,1091.3,789.0,102.6,73.1,7.7,6.4,77.0,66.8,7.7,6.4
2019-02,British Columbia,2067.1,2140.8,1459.4,1344.3,1188.0,897.7,65.6,61.1,4.5,4.5,70.6,62.8,4.5,4.5
2019-02,Canada,15063.9,15444.2,10639.6,9548.4,8692.8,6688.7,664.9,498.0,6.2,5.2,70.6,61.8,6.2,5.2
2019-02,Manitoba,513.5,521.7,375.8,322.1,308.9,221.0,23.1,15.0,6.1,4.7,73.2,61.7,6.1,4.7
2019-02,New Brunswick,313.2,326.5,205.0,191.9,163.7,141.7,20.1,14.8,9.8,7.7,65.5,58.8,9.8,7.7
2019-02,Newfoundland and Labrador,219.5,226.6,141.4,124.0,108.9,90.5,19.9,11.9,14.1,9.6,64.4,54.7,14.1,9.6
2019-02,Nova Scotia,387.1,414.4,249.0,245.7,204.0,172.2,19.6,13.9,7.9,5.7,64.3,59.3,7.9,5.7
2019-02,Ontario,5869.9,6093.2,4114.1,3701.5,3361.9,2631.3,246.5,191.7,6.0,5.2,70.1,60.7,6.0,5.2
2019-02,Prince Edward Island,63.1,65.7,44.6,41.6,34.9,31.0,5.5,3.0,12.3,7.2,70.7,63.3,12.3,7.2
2019-02,Quebec,3469.0,3503.8,2398.6,2153.6,1958.6,1519.8,142.4,97.7,5.9,4.5,69.1,61.5,5.9,4.5
2019-02,Saskatchewan,442.8,438.4,327.7,279.9,272.6,194.5,19.7,15.7,6.0,5.6,74.0,63.8,6.0,5.6
2019-03,Alberta,1720.6,1715.3,1318.5,1130.6,1097.0,791.1,96.3,70.8,7.3,6.3,76.6,65.9,7.3,6.3
2019-03,British Columbia,2070.3,2144.0,1462.2,1345.2,1186.0,901.4,70.8,66.3,4.8,4.9,70.6,62.7,4.8,4.9
2019-03,Canada,15081.8,15460.6,10643.8,9527.8,8701.4,6682.5,663.0,519.0,6.2,5.4,70.6,61.6,6.2,5.4
2019-03,Manitoba,513.9,522.1,375.0,321.8,309.3,220.4,20.3,15.7,5.4,4.9,73.0,61.6,5.4,4.9
2019-03,New Brunswick,313.5,326.7,205.8,190.8,166.0,141.0,20.5,11.4,10.0,6.0,65.6,58.4,10.0,6.0
2019-03,Newfoundland and Labrador,219.4,226.5,140.3,124.9,107.0,89.0,20.4,12.1,14.5,9.7,63.9,55.1,14.5,9.7
2019-03,Nova Scotia,387.4,414.7,249.9,244.7,202.0,170.2,19.8,12.8,7.9,5.2,64.5,59.0,7.9,5.2
2019-03,Ontario,5878.2,6100.8,4125.4,3701.1,3377.9,2624.5,250.0,212.2,6.1,5.7,70.2,60.7,6.1,5.7
2019-03,Prince Edward Island,63.3,65.8,44.8,41.6,35.5,31.2,4.8,3.0,10.7,7.2,70.8,63.2,10.7,7.2
2019-03,Quebec,3472.3,3506.1,2391.8,2149.4,1944.0,1518.5,142.8,101.0,6.0,4.7,68.9,61.3,6.0,4.7
2019-03,Saskatchewan,442.9,438.4,330.2,277.7,276.8,195.2,17.2,13.9,5.2,5.0,74.6,63.3,5.2,5.0
2019-04,Alberta,1722.9,1718.1,1334.3,1142.4,1103.4,792.6,90.8,69.0,6.8,6.0,77.4,66.5,6.8,6.0
2019-04,British Columbia,2074.7,2148.6,1465.7,1346.6,1181.9,922.4,71.1,64.1,4.9,4.8,70.6,62.7,4.9,4.8
2019-04,Canada,15105.8,15483.6,10703.3,9576.8,8727.0,6712.9,648.4,515.3,6.1,5.4,70.9,61.9,6.1,5.4
2019-04,Manitoba,514.4,522.6,374.3,323.8,311.2,221.0,19.9,15.7,5.3,4.8,72.8,62.0,5.3,4.8
2019-04,New Brunswick,313.9,327.2,205.3,187.9,166.1,136.9,19.7,12.6,9.6,6.7,65.4,57.4,9.6,6.7
2019-04,Newfoundland and Labrador,219.2,226.4,139.4,124.0,107.8,87.5,19.1,12.6,13.7,10.2,63.6,54.8,13.7,10.2
2019-04,Nova Scotia,387.9,415.3,251.7,246.5,201.6,172.9,21.6,14.3,8.6,5.8,64.9,59.4,8.6,5.8
2019-04,Ontario,5889.6,6111.2,4152.7,3722.8,3386.8,2609.0,246.3,223.9,5.9,6.0,70.5,60.9,5.9,6.0
2019-04,Prince Edward Island,63.6,66.1,45.4,41.6,36.0,31.1,4.8,2.9,10.6,7.0,71.4,62.9,10.6,7.0
2019-04,Quebec,3476.6,3509.4,2401.6,2162.8,1953.1,1543.1,135.1,86.6,5.6,4.0,69.1,61.6,5.6,4.0
2019-04,Saskatchewan,443.1,438.6,333.1,278.3,279.1,196.4,20.0,13.7,6.0,4.9,75.2,63.5,6.0,4.9
2019-05,Alberta,1725.0,1720.5,1330.2,1143.3,1085.9,787.8,103.5,62.7,7.8,5.5,77.1,66.5,7.8,5.5
2019-05,British Columbia,2078.3,2152.4,1469.2,1354.8,1193.1,920.9,62.1,64.4,4.2,4.8,70.7,62.9,4.2,4.8
2019-05,Canada,15126.9,15503.5,10680.9,9554.0,8725.6,6747.0,632.9,469.7,5.9,4.9,70.6,61.6,5.9,4.9
2019-05,Manitoba,514.9,523.2,375.1,323.7,307.3,222.8,21.4,14.5,5.7,4.5,72.8,61.9,5.7,4.5
2019-05,New Brunswick,314.3,327.5,207.0,187.5,168.3,139.8,19.5,10.3,9.4,5.5,65.9,57.3,9.4,5.5
2019-05,Newfoundland and Labrador,219.2,226.4,138.5,123.2,106.4,89.6,19.5,12.7,14.1,10.3,63.2,54.4,14.1,10.3
2019-05,Nova Scotia,388.4,415.7,253.7,247.0,204.6,173.3,20.0,14.5,7.9,5.9,65.3,59.4,7.9,5.9
2019-05,Ontario,5899.5,6120.4,4129.8,3705.9,3392.7,2648.4,222.8,185.7,5.4,5.0,70.0,60.5,5.4,5.0
2019-05,Prince Edward Island,63.8,66.3,45.4,41.1,36.0,31.2,5.2,2.3,11.5,5.6,71.2,62.0,11.5,5.6
2019-05,Quebec,3480.1,3512.2,2402.9,2149.5,1956.3,1535.8,140.8,88.6,5.9,4.1,69.0,61.2,5.9,4.1
2019-05,Saskatchewan,443.4,438.9,329.1,278.1,275.0,197.5,18.1,13.9,5.5,5.0,74.2,63.4,5.5,5.0
2019-06,Alberta,1727.4,1723.2,1332.2,1147.9,1107.6,802.2,97.6,67.7,7.3,5.9,77.1,66.6,7.3,5.9
2019-06,British Columbia,2082.0,2156.2,1469.7,1355.6,1187.9,918.3,72.9,60.6,5.0,4.5,70.6,62.9,5.0,4.5
2019-06,Canada,15149.6,15525.3,10695.7,9580.4,8728.0,6787.6,649.1,482.1,6.1,5.0,70.6,61.7,6.1,5.0
2019-06,Manitoba,515.6,524.0,377.0,324.7,307.9,225.1,23.5,15.1,6.2,4.7,73.1,62.0,6.2,4.7
2019-06,New Brunswick,314.6,327.8,206.8,191.0,166.4,142.5,19.7,13.2,9.5,6.9,65.7,58.3,9.5,6.9
2019-06,Newfoundland and Labrador,219.2,226.5,139.0,123.8,108.1,89.6,20.3,13.0,14.6,10.5,63.4,54.7,14.6,10.5
2019-06,Nova Scotia,389.1,416.4,254.1,249.8,203.5,176.2,21.4,14.0,8.4,5.6,65.3,60.0,8.4,5.6
2019-06,Ontario,5910.3,6130.6,4132.5,3721.7,3380.5,2644.8,231.2,194.6,5.6,5.2,69.9,60.7,5.6,5.2
2019-06,Prince Edward Island,63.9,66.4,45.4,41.9,36.2,31.2,5.2,2.7,11.5,6.4,71.0,63.1,11.5,6.4
2019-06,Quebec,3483.9,3515.0,2408.8,2146.1,1954.8,1560.3,139.8,88.1,5.8,4.1,69.1,61.1,5.8,4.1
2019-06,Saskatchewan,443.8,439.2,330.2,277.9,275.2,197.5,17.6,13.1,5.3,4.7,74.4,63.3,5.3,4.7
2019-07,Alberta,1730.2,1726.4,1344.6,1147.1,1093.4,795.2,107.0,69.9,8.0,6.1,77.7,66.4,8.0,6.1
2019-07,British Columbia,2086.2,2160.9,1465.7,1347.5,1193.1,890.9,69.3,63.1,4.7,4.7,70.3,62.4,4.7,4.7
2019-07,Canada,15175.7,15551.3,10712.9,9582.2,8728.1,6777.5,654.8,512.5,6.1,5.3,70.6,61.6,6.1,5.3
2019-07,Manitoba,516.3,524.8,375.8,324.2,305.8,222.2,24.0,16.8,6.4,5.2,72.8,61.8,6.4,5.2
2019-07,New Brunswick,315.1,328.2,207.4,190.1,164.1,139.9,22.0,14.5,10.6,7.6,65.8,57.9,10.6,7.6
2019-07,Newfoundland and Labrador,219.1,226.5,139.4,124.7,108.0,89.0,19.9,13.3,14.3,10.7,63.6,55.1,14.3,10.7
2019-07,Nova Scotia,389.6,417.0,253.1,250.0,203.4,176.1,20.8,16.5,8.2,6.6,65.0,60.0,8.2,6.6
2019-07,Ontario,5922.6,6142.6,4144.9,3716.8,3382.4,2673.1,239.6,207.1,5.8,5.6,70.0,60.5,5.8,5.6
2019-07,Prince Edward Island,64.2,66.5,45.8,42.2,36.1,31.8,5.1,2.5,11.1,5.9,71.3,63.5,11.1,5.9
2019-07,Quebec,3488.2,3518.7,2406.7,2160.0,1971.7,1566.3,129.4,92.3,5.4,4.3,69.0,61.4,5.4,4.3
2019-07,Saskatchewan,444.3,439.7,329.7,279.6,270.1,193.1,17.7,16.5,5.4,5.9,74.2,63.6,5.4,5.9
2019-08,Alberta,1732.4,1728.8,1351.9,1139.2,1095.9,783.8,119.3,71.1,8.8,6.2,78.0,65.9,8.8,6.2
2019-08,British Columbia,2089.0,2164.1,1469.3,1351.4,1183.0,898.5,73.9,68.4,5.0,5.1,70.3,62.4,5.0,5.1
2019-08,Canada,15193.9,15570.0,10750.3,9602.7,8754.0,6787.0,671.1,503.3,6.2,5.2,70.8,61.7,6.2,5.2
2019-08,Manitoba,516.7,525.3,375.2,324.4,308.1,225.9,22.0,15.4,5.9,4.7,72.6,61.8,5.9,4.7
2019-08,New Brunswick,315.4,328.6,208.1,192.4,168.3,143.0,20.5,13.1,9.9,6.8,66.0,58.6,9.9,6.8
2019-08,Newfoundland and Labrador,219.2,226.5,138.6,124.5,105.5,87.6,20.2,13.7,14.6,11.0,63.2,55.0,14.6,11.0
2019-08,Nova Scotia,390.2,417.6,255.3,250.1,201.8,178.4,23.3,16.8,9.1,6.7,65.4,59.9,9.1,6.7
2019-08,Ontario,5931.2,6151.5,4166.9,3736.0,3409.0,2675.7,242.9,202.2,5.8,5.4,70.3,60.7,5.8,5.4
2019-08,Prince Edward Island,64.3,66.7,45.5,41.7,36.1,31.7,5.0,2.6,11.0,6.2,70.8,62.5,11.0,6.2
2019-08,Quebec,3490.8,3520.9,2412.1,2160.5,1974.7,1568.5,128.6,83.0,5.3,3.8,69.1,61.4,5.3,3.8
2019-08,Saskatchewan,444.6,440.1,327.4,282.4,271.5,194.0,15.4,17.1,4.7,6.1,73.6,64.2,4.7,6.1
2019-09,Alberta,1735.7,1732.3,1328.6,1146.4,1100.8,788.3,92.6,71.9,7.0,6.3,76.5,66.2,7.0,6.3
2019-09,British Columbia,2092.3,2167.8,1457.1,1344.9,1173.4,922.7,73.9,69.0,5.1,5.1,69.6,62.0,5.1,5.1
2019-09,Canada,15216.1,15592.6,10695.4,9633.3,8752.2,6815.4,627.6,518.0,5.9,5.4,70.3,61.8,5.9,5.4
2019-09,Manitoba,517.4,526.1,374.7,323.4,308.2,228.4,21.9,13.5,5.8,4.2,72.4,61.5,5.8,4.2
2019-09,New Brunswick,315.7,328.8,204.8,191.4,165.9,143.6,18.9,12.9,9.2,6.7,64.9,58.2,9.2,6.7
2019-09,Newfoundland and Labrador,219.1,226.5,134.4,123.5,105.4,87.2,16.8,12.4,12.5,10.0,61.3,54.5,12.5,10.0
2019-09,Nova Scotia,390.8,418.2,251.8,252.3,202.1,180.6,20.6,16.3,8.2,6.5,64.4,60.3,8.2,6.5
2019-09,Ontario,5942.0,6162.5,4149.1,3750.3,3416.1,2670.0,220.3,206.5,5.3,5.5,69.8,60.9,5.3,5.5
2019-09,Prince Edward Island,64.4,66.8,46.1,42.1,37.5,30.9,4.7,2.8,10.2,6.7,71.6,63.0,10.2,6.7
2019-09,Quebec,3493.6,3523.0,2417.8,2176.7,1970.2,1565.5,139.6,97.0,5.8,4.5,69.2,61.8,5.8,4.5
2019-09,Saskatchewan,445.1,440.6,331.0,282.4,272.5,198.3,18.4,15.7,5.6,5.6,74.4,64.1,5.6,5.6
2019-10,Alberta,1738.3,1735.0,1335.6,1145.3,1111.2,788.9,92.6,68.5,6.9,6.0,76.8,66.0,6.9,6.0
2019-10,British Columbia,2094.6,2170.4,1476.1,1345.3,1197.6,916.1,72.3,68.6,4.9,5.1,70.5,62.0,4.9,5.1
2019-10,Canada,15232.8,15609.7,10692.6,9625.5,8770.3,6766.6,627.0,516.8,5.9,5.4,70.2,61.7,5.9,5.4
2019-10,Manitoba,517.8,526.5,373.2,325.1,304.6,224.2,21.0,16.3,5.6,5.0,72.1,61.7,5.6,5.0
2019-10,New Brunswick,315.9,329.0,205.9,189.6,165.2,142.5,19.8,12.8,9.6,6.8,65.2,57.6,9.6,6.8
2019-10,Newfoundland and Labrador,219.2,226.6,134.4,124.2,104.3,84.8,18.2,12.6,13.5,10.1,61.3,54.8,13.5,10.1
2019-10,Nova Scotia,391.2,418.6,254.9,252.6,200.9,179.3,23.1,17.5,9.1,6.9,65.2,60.3,9.1,6.9
2019-10,Ontario,5950.1,6170.7,4131.1,3752.0,3421.5,2644.8,223.7,203.0,5.4,5.4,69.4,60.8,5.4,5.4
2019-10,Prince Edward Island,64.4,66.8,45.7,42.2,37.2,31.4,4.4,2.8,9.6,6.6,71.0,63.2,9.6,6.6
2019-10,Quebec,3496.0,3525.0,2405.7,2167.8,1956.0,1557.1,133.1,101.3,5.5,4.7,68.8,61.5,5.5,4.7
2019-10,Saskatchewan,445.4,441.0,330.1,281.4,271.7,197.5,18.9,13.4,5.7,4.8,74.1,63.8,5.7,4.8
2019-11,Alberta,1740.7,1737.5,1342.3,1144.5,1112.1,781.6,103.2,77.1,7.7,6.7,77.1,65.9,7.7,6.7
2019-11,British Columbia,2096.6,2172.8,1471.7,1341.4,1197.6,889.4,73.2,74.2,5.0,5.5,70.2,61.7,5.0,5.5
2019-11,Canada,15247.9,15624.9,10703.7,9625.7,8735.7,6768.8,664.4,536.9,6.2,5.6,70.2,61.6,6.2,5.6
2019-11,Manitoba,518.1,526.9,374.0,324.3,305.7,223.2,22.9,15.9,6.1,4.9,72.2,61.5,6.1,4.9
2019-11,New Brunswick,316.1,329.2,204.9,188.2,165.1,142.3,18.9,12.0,9.2,6.4,64.8,57.2,9.2,6.4
2019-11,Newfoundland and Labrador,219.2,226.6,137.0,121.3,102.7,85.4,21.1,10.4,15.4,8.6,62.5,53.5,15.4,8.6
2019-11,Nova Scotia,391.6,418.9,254.6,250.0,200.2,177.4,24.8,15.9,9.7,6.4,65.0,59.7,9.7,6.4
2019-11,Ontario,5957.3,6177.9,4159.4,3762.8,3406.8,2679.6,240.2,200.5,5.8,5.3,69.8,60.9,5.8,5.3
2019-11,Prince Edward Island,64.4,66.9,45.7,41.6,37.1,31.6,4.5,2.3,9.8,5.5,71.0,62.2,9.8,5.5
2019-11,Quebec,3498.3,3526.9,2382.6,2166.1,1934.2,1561.4,134.1,111.8,5.6,5.2,68.1,61.4,5.6,5.2
2019-11,Saskatchewan,445.7,441.2,331.4,285.4,274.1,196.9,21.7,16.8,6.5,5.9,74.4,64.7,6.5,5.9
2019-12,Alberta,1742.6,1739.6,1343.0,1145.2,1097.3,774.5,101.4,75.4,7.6,6.6,77.1,65.8,7.6,6.6
2019-12,British Columbia,2098.4,2174.9,1464.6,1343.1,1193.5,897.9,68.7,70.6,4.7,5.3,69.8,61.8,4.7,5.3
2019-12,Canada,15260.4,15637.7,10714.5,9628.3,8764.7,6806.5,637.7,506.5,6.0,5.3,70.2,61.6,6.0,5.3
2019-12,Manitoba,518.3,527.1,373.9,321.4,306.2,220.3,19.0,14.5,5.1,4.5,72.1,61.0,5.1,4.5
2019-12,New Brunswick,316.2,329.3,206.4,188.2,169.2,144.6,18.3,11.3,8.9,6.0,65.3,57.2,8.9,6.0
2019-12,Newfoundland and Labrador,219.1,226.7,135.5,121.1,101.0,86.0,21.5,10.7,15.9,8.8,61.8,53.4,15.9,8.8
2019-12,Nova Scotia,391.8,419.2,256.1,250.8,200.1,180.3,24.2,16.9,9.4,6.7,65.4,59.8,9.4,6.7
2019-12,Ontario,5963.0,6183.8,4161.8,3765.0,3431.8,2705.7,228.9,188.2,5.5,5.0,69.8,60.9,5.5,5.0
2019-12,Prince Edward Island,64.5,66.9,45.7,43.0,37.9,31.7,4.1,2.8,9.0,6.5,70.9,64.3,9.0,6.5
2019-12,Quebec,3500.5,3528.7,2397.6,2167.3,1954.0,1567.8,130.3,100.2,5.4,4.6,68.5,61.4,5.4,4.6
2019-12,Saskatchewan,445.8,441.4,330.0,283.2,273.6,197.7,21.3,16.0,6.5,5.6,74.0,64.2,6.5,5.6
2020-01,Alberta,1744.9,1742.0,1327.5,1145.0,1101.7,774.3,98.1,80.8,7.4,7.1,76.1,65.7,7.4,7.1
2020-01,British Columbia,2100.1,2177.0,1468.2,1338.0,1199.0,895.7,65.6,67.4,4.5,5.0,69.9,61.5,4.5,5.0
2020-01,Canada,15273.3,15650.9,10685.7,9658.7,8784.3,6810.8,604.0,514.3,5.7,5.3,70.0,61.7,5.7,5.3
2020-01,Manitoba,518.5,527.5,376.2,327.2,304.5,222.5,20.8,14.7,5.5,4.5,72.6,62.0,5.5,4.5
2020-01,New Brunswick,316.4,329.4,207.8,190.6,169.6,146.2,20.1,10.7,9.7,5.6,65.7,57.9,9.7,5.6
2020-01,Newfoundland and Labrador,219.1,226.6,135.9,123.0,102.5,88.3,21.1,10.6,15.5,8.6,62.0,54.3,15.5,8.6
2020-01,Nova Scotia,392.1,419.4,254.9,251.2,200.2,180.7,23.0,16.0,9.0,6.4,65.0,59.9,9.0,6.4
2020-01,Ontario,5968.9,6190.0,4142.6,3790.0,3441.8,2695.4,207.0,202.3,5.0,5.3,69.4,61.2,5.0,5.3
2020-01,Prince Edward Island,64.5,67.0,45.3,43.1,37.6,31.8,3.7,2.8,8.2,6.5,70.2,64.3,8.2,6.5
2020-01,Quebec,3502.9,3530.4,2396.7,2167.1,1953.0,1577.2,123.8,93.9,5.2,4.3,68.4,61.4,5.2,4.3
2020-01,Saskatchewan,446.0,441.6,330.6,283.4,274.3,198.8,20.9,15.1,6.3,5.3,74.1,64.2,6.3,5.3
2020-02,Alberta,1746.9,1744.1,1334.0,1149.4,1098.8,776.9,101.2,79.5,7.6,6.9,76.4,65.9,7.6,6.9
2020-02,British Columbia,2102.1,2179.3,1478.1,1342.3,1210.3,895.2,84.5,69.3,5.7,5.2,70.3,61.6,5.7,5.2
2020-02,Canada,15285.5,15663.6,10748.6,9645.2,8830.1,6788.1,647.2,523.3,6.0,5.4,70.3,61.6,6.0,5.4
2020-02,Manitoba,518.7,527.7,375.9,329.3,304.4,224.7,21.4,15.0,5.7,4.6,72.5,62.4,5.7,4.6
2020-02,New Brunswick,316.4,329.4,205.7,192.3,169.1,147.1,17.5,11.6,8.5,6.0,65.0,58.4,8.5,6.0
2020-02,Newfoundland and Labrador,219.1,226.7,135.0,123.5,100.9,89.1,21.7,10.3,16.1,8.3,61.6,54.5,16.1,8.3
2020-02,Nova Scotia,392.2,419.6,257.2,253.1,199.8,179.4,23.9,17.5,9.3,6.9,65.6,60.3,9.3,6.9
2020-02,Ontario,5974.4,6195.7,4183.7,3762.7,3465.7,2673.3,235.2,207.4,5.6,5.5,70.0,60.7,5.6,5.5
2020-02,Prince Edward Island,64.6,67.1,45.4,43.1,37.5,31.7,4.0,3.3,8.8,7.7,70.3,64.2,8.8,7.7
2020-02,Quebec,3505.0,3532.0,2401.3,2165.6,1971.5,1572.2,114.5,93.3,4.8,4.3,68.5,61.3,4.8,4.3
2020-02,Saskatchewan,446.2,441.9,332.4,283.9,272.0,198.5,23.4,16.1,7.0,5.7,74.5,64.2,7.0,5.7
2020-03,Alberta,1749.3,1746.6,1290.0,1089.8,1071.5,745.5,106.4,101.2,8.2,9.3,73.7,62.4,8.2,9.3
2020-03,British Columbia,2104.2,2182.0,1424.4,1274.6,1167.3,861.4,98.2,107.7,6.9,8.4,67.7,58.4,6.9,8.4
2020-03,Canada,15300.1,15678.6,10452.6,9270.1,8582.8,6473.7,798.0,849.8,7.6,9.2,68.3,59.1,7.6,9.2
2020-03,Manitoba,519.0,528.2,365.1,319.1,298.1,217.5,25.8,20.7,7.1,6.5,70.3,60.4,7.1,6.5
2020-03,New Brunswick,316.5,329.6,203.0,183.5,165.0,139.4,19.8,15.6,9.8,8.5,64.1,55.7,9.8,8.5
2020-03,Newfoundland and Labrador,219.1,226.7,127.5,122.3,100.2,90.5,18.8,10.5,14.7,8.6,58.2,53.9,14.7,8.6
2020-03,Nova Scotia,392.4,419.7,244.6,241.2,195.6,170.5,25.1,22.7,10.3,9.4,62.3,57.5,10.3,9.4
2020-03,Ontario,5981.3,6202.9,4084.5,3601.3,3349.4,2511.1,309.9,328.9,7.6,9.1,68.3,58.1,7.6,9.1
2020-03,Prince Edward Island,64.7,67.2,43.9,41.7,36.3,30.7,4.5,3.4,10.3,8.2,67.9,62.1,10.3,8.2
2020-03,Quebec,3507.1,3533.6,2342.2,2123.3,1928.5,1509.9,166.1,218.4,7.1,10.3,66.8,60.1,7.1,10.3
2020-03,Saskatchewan,446.5,442.2,327.7,273.3,270.8,197.2,23.4,20.7,7.1,7.6,73.4,61.8,7.1,7.6
2020-04,Alberta,1750.9,1748.3,1218.3,1020.5,972.6,681.1,152.8,140.6,12.5,13.8,69.6,58.4,12.5,13.8
2020-04,British Columbia,2105.4,2183.3,1343.7,1193.7,1048.3,779.5,154.1,147.5,11.5,12.4,63.8,54.7,11.5,12.4
2020-04,Canada,15307.9,15686.4,9870.8,8753.0,7672.6,5910.1,1306.4,1233.7,13.2,14.1,64.5,55.8,13.2,14.1
2020-04,Manitoba,519.0,528.2,349.0,300.0,275.4,204.8,40.1,34.2,11.5,11.4,67.2,56.8,11.5,11.4
2020-04,New Brunswick,316.7,329.7,189.0,175.1,147.2,127.0,27.1,24.8,14.3,14.2,59.7,53.1,14.3,14.2
2020-04,Newfoundland and Labrador,219.0,226.7,117.3,110.7,86.2,77.7,23.3,12.6,19.9,11.4,53.6,48.8,19.9,11.4
2020-04,Nova Scotia,392.4,419.8,232.4,219.6,180.4,153.0,29.7,27.3,12.8,12.4,59.2,52.3,12.8,12.4
2020-04,Ontario,5984.8,6206.5,3834.2,3370.5,3062.1,2310.3,429.2,435.1,11.2,12.9,64.1,54.3,11.2,12.9
2020-04,Prince Edward Island,64.8,67.3,41.3,38.0,33.9,27.1,4.2,4.6,10.2,12.1,63.7,56.5,10.2,12.1
2020-04,Quebec,3508.5,3534.5,2240.0,2065.9,1620.6,1373.6,414.0,374.7,18.5,18.1,63.8,58.4,18.5,18.1
2020-04,Saskatchewan,446.4,442.1,305.5,259.0,246.0,176.1,31.8,32.4,10.4,12.5,68.4,58.6,10.4,12.5
2020-05,Alberta,1752.3,1749.8,1295.8,1023.8,970.6,659.0,205.8,152.7,15.9,14.9,73.9,58.5,15.9,14.9
2020-05,British Columbia,2106.7,2184.8,1394.3,1255.3,1061.1,814.9,182.2,180.8,13.1,14.4,66.2,57.5,13.1,14.4
2020-05,Canada,15315.3,15694.0,10228.3,8858.2,7858.6,5983.4,1438.4,1252.8,14.1,14.1,66.8,56.4,14.1,14.1
2020-05,Manitoba,518.9,528.2,360.9,305.6,280.6,202.8,42.7,36.2,11.8,11.8,69.6,57.9,11.8,11.8
2020-05,New Brunswick,316.7,329.7,199.6,180.6,154.2,132.0,27.7,23.6,13.9,13.1,63.0,54.8,13.9,13.1
2020-05,Newfoundland and Labrador,218.9,226.6,123.8,113.4,87.7,81.8,29.4,12.4,23.7,10.9,56.6,50.0,23.7,10.9
2020-05,Nova Scotia,392.6,420.0,239.6,226.7,185.4,148.8,30.3,36.6,12.6,16.1,61.0,54.0,12.6,16.1
2020-05,Ontario,5988.5,6210.3,3943.5,3406.2,3062.9,2298.1,540.7,491.8,13.7,14.4,65.9,54.8,13.7,14.4
2020-05,Prince Edward Island,64.8,67.4,44.0,39.6,35.9,27.3,5.6,6.0,12.7,15.2,67.9,58.8,12.7,15.2
2020-05,Quebec,3509.8,3535.3,2316.3,2047.2,1774.8,1442.6,335.5,281.1,14.5,13.7,66.0,57.9,14.5,13.7
2020-05,Saskatchewan,446.2,441.8,310.6,259.8,245.3,176.2,38.4,31.5,12.4,12.1,69.6,58.8,12.4,12.1
2020-06,Alberta,1754.4,1752.0,1341.5,1092.1,1012.8,698.0,211.7,158.3,15.8,14.5,76.5,62.3,15.8,14.5
2020-06,British Columbia,2109.6,2188.1,1455.2,1307.9,1085.5,828.2,184.8,166.5,12.7,12.7,69.0,59.8,12.7,12.7
2020-06,Canada,15329.1,15707.8,10595.3,9309.2,8201.5,6209.9,1309.1,1164.2,12.4,12.5,69.1,59.3,12.4,12.5
2020-06,Manitoba,519.0,528.4,372.6,316.5,287.8,208.0,40.7,29.8,10.9,9.4,71.8,59.9,10.9,9.4
2020-06,New Brunswick,316.8,329.9,207.1,189.6,162.2,139.4,25.8,18.2,12.5,9.6,65.4,57.5,12.5,9.6
2020-06,Newfoundland and Labrador,218.9,226.7,127.6,119.1,89.1,79.2,28.0,15.4,21.9,12.9,58.3,52.5,21.9,12.9
2020-06,Nova Scotia,393.1,420.4,254.8,242.9,193.8,162.7,35.1,33.2,13.8,13.7,64.8,57.8,13.8,13.7
2020-06,Ontario,5994.5,6216.4,4084.6,3593.8,3196.9,2413.9,492.0,464.8,12.0,12.9,68.1,57.8,12.0,12.9
2020-06,Prince Edward Island,64.9,67.5,43.9,43.1,35.6,28.6,4.2,8.1,9.6,18.8,67.6,63.9,9.6,18.8
2020-06,Quebec,3511.9,3536.8,2383.0,2130.3,1878.9,1466.5,250.9,239.2,10.5,11.2,67.9,60.2,10.5,11.2
2020-06,Saskatchewan,446.0,441.6,325.2,274.0,258.8,185.5,35.9,30.8,11.0,11.2,72.9,62.0,11.0,11.2
2020-07,Alberta,1755.7,1753.5,1336.3,1105.1,1021.8,712.7,183.5,133.5,13.7,12.1,76.1,63.0,13.7,12.1
2020-07,British Columbia,2112.3,2191.1,1472.6,1302.3,1101.8,831.5,167.0,132.1,11.3,10.1,69.7,59.4,11.3,10.1
2020-07,Canada,15341.2,15720.3,10687.3,9363.6,8239.2,6300.5,1237.8,965.4,11.6,10.3,69.7,59.6,11.6,10.3
2020-07,Manitoba,519.1,528.6,371.1,321.9,292.6,215.8,35.9,25.3,9.7,7.9,71.5,60.9,9.7,7.9
2020-07,New Brunswick,317.0,330.0,205.8,190.2,159.0,138.5,25.3,15.4,12.3,8.1,64.9,57.6,12.3,8.1
2020-07,Newfoundland and Labrador,218.8,226.7,129.3,121.6,91.1,82.3,27.3,15.6,21.1,12.8,59.1,53.6,21.1,12.8
2020-07,Nova Scotia,393.4,420.8,250.9,242.1,197.8,163.7,28.5,25.5,11.4,10.5,63.8,57.5,11.4,10.5
2020-07,Ontario,6000.3,6222.0,4142.5,3646.4,3199.5,2465.3,489.2,407.8,11.8,11.2,69.0,58.6,11.8,11.2
2020-07,Prince Edward Island,65.0,67.6,44.6,41.2,34.9,27.8,4.8,5.1,10.8,12.4,68.6,60.9,10.8,12.4
2020-07,Quebec,3513.6,3538.3,2403.4,2118.7,1877.2,1472.5,242.3,182.4,10.1,8.6,68.4,59.9,10.1,8.6
2020-07,Saskatchewan,446.0,441.7,330.9,274.1,263.5,190.4,33.9,22.8,10.2,8.3,74.2,62.1,10.2,8.3
2020-08,Alberta,1757.1,1755.0,1337.3,1099.5,1012.2,719.6,178.5,123.9,13.3,11.3,76.1,62.6,13.3,11.3
2020-08,British Columbia,2113.9,2193.0,1482.7,1309.7,1114.1,821.0,169.3,130.9,11.4,10.0,70.1,59.7,11.4,10.0
2020-08,Canada,15353.0,15731.8,10717.2,9399.0,8318.0,6349.8,1163.5,879.8,10.9,9.4,69.8,59.7,10.9,9.4
2020-08,Manitoba,519.4,528.9,373.0,324.0,295.1,219.4,34.8,23.2,9.3,7.2,71.8,61.3,9.3,7.2
2020-08,New Brunswick,317.0,330.2,204.0,189.5,158.3,139.9,23.8,13.4,11.7,7.1,64.4,57.4,11.7,7.1
2020-08,Newfoundland and Labrador,218.8,226.7,128.8,120.6,92.2,82.9,23.4,11.9,18.2,9.9,58.9,53.2,18.2,9.9
2020-08,Nova Scotia,393.7,421.2,250.4,241.5,195.6,163.0,29.5,20.0,11.8,8.3,63.6,57.3,11.8,8.3
2020-08,Ontario,6005.4,6226.8,4168.6,3678.1,3238.9,2510.9,470.4,352.5,11.3,9.6,69.4,59.1,11.3,9.6
2020-08,Prince Edward Island,65.0,67.7,44.8,41.2,35.8,28.4,4.4,4.1,9.8,10.0,68.9,60.9,9.8,10.0
2020-08,Quebec,3516.5,3540.6,2404.5,2121.6,1913.6,1476.2,202.2,178.1,8.4,8.4,68.4,59.9,8.4,8.4
2020-08,Saskatchewan,446.2,441.8,323.1,273.3,262.1,188.5,27.4,21.7,8.5,7.9,72.4,61.9,8.5,7.9
2020-09,Alberta,1758.6,1756.7,1342.8,1121.8,1018.8,749.3,173.0,123.2,12.9,11.0,76.4,63.9,12.9,11.0
2020-09,British Columbia,2116.0,2195.4,1465.4,1342.0,1130.5,850.3,141.9,103.4,9.7,7.7,69.3,61.1,9.7,7.7
2020-09,Canada,15368.2,15746.3,10789.9,9581.8,8495.9,6533.4,1048.3,821.9,9.7,8.6,70.2,60.9,9.7,8.6
2020-09,Manitoba,519.5,529.0,375.0,335.3,300.2,222.7,28.3,25.3,7.5,7.5,72.2,63.4,7.5,7.5
2020-09,New Brunswick,317.3,330.4,211.3,189.0,158.7,140.8,32.0,13.0,15.1,6.9,66.6,57.2,15.1,6.9
2020-09,Newfoundland and Labrador,218.7,226.7,135.0,122.5,96.4,87.4,25.9,13.1,19.2,10.7,61.7,54.0,19.2,10.7
2020-09,Nova Scotia,394.2,421.6,252.2,243.1,193.8,175.0,21.0,17.1,8.3,7.0,64.0,57.7,8.3,7.0
2020-09,Ontario,6012.4,6233.2,4204.1,3770.9,3326.4,2601.0,417.7,350.6,9.9,9.3,69.9,60.5,9.9,9.3
2020-09,Prince Edward Island,65.1,67.7,44.7,41.7,35.3,29.0,4.7,4.2,10.5,10.1,68.7,61.6,10.5,10.1
2020-09,Quebec,3520.3,3543.7,2433.9,2138.4,1966.3,1486.5,180.0,154.2,7.4,7.2,69.1,60.3,7.4,7.2
2020-09,Saskatchewan,446.2,441.7,325.4,277.2,269.6,191.3,23.9,18.0,7.3,6.5,72.9,62.8,7.3,6.5
2020-10,Alberta,1760.1,1758.6,1343.8,1128.7,1027.1,742.4,160.3,118.6,11.9,10.5,76.3,64.2,11.9,10.5
2020-10,British Columbia,2117.5,2197.2,1476.3,1354.5,1132.4,858.3,134.4,101.3,9.1,7.5,69.7,61.6,9.1,7.5
2020-10,Canada,15380.6,15758.3,10785.0,9624.4,8463.5,6543.8,1018.6,824.7,9.4,8.6,70.1,61.1,9.4,8.6
2020-10,Manitoba,519.7,529.3,373.2,329.1,301.4,216.5,26.6,24.2,7.1,7.4,71.8,62.2,7.1,7.4
2020-10,New Brunswick,317.4,330.4,208.8,191.4,162.1,140.7,27.4,14.9,13.1,7.8,65.8,57.9,13.1,7.8
2020-10,Newfoundland and Labrador,218.7,226.7,134.2,125.0,100.5,90.2,22.2,12.8,16.5,10.2,61.4,55.1,16.5,10.2
2020-10,Nova Scotia,394.6,422.0,255.8,246.2,195.3,175.9,26.7,18.0,10.4,7.3,64.8,58.3,10.4,7.3
2020-10,Ontario,6018.0,6238.6,4198.8,3807.2,3318.2,2597.1,391.4,368.0,9.3,9.7,69.8,61.0,9.3,9.7
2020-10,Prince Edward Island,65.2,67.8,45.4,41.1,35.5,29.3,4.8,4.1,10.6,10.0,69.6,60.6,10.6,10.0
2020-10,Quebec,3523.2,3546.0,2421.5,2126.5,1926.9,1500.7,199.2,148.1,8.2,7.0,68.7,60.0,8.2,7.0
2020-10,Saskatchewan,446.2,441.8,327.2,274.6,264.2,192.6,25.7,14.7,7.9,5.4,73.3,62.2,7.9,5.4
2020-11,Alberta,1761.7,1760.4,1323.7,1133.9,1010.8,738.7,145.6,123.8,11.0,10.9,75.1,64.4,11.0,10.9
2020-11,British Columbia,2118.9,2198.7,1474.0,1361.3,1147.7,886.3,119.3,104.2,8.1,7.7,69.6,61.9,8.1,7.7
2020-11,Canada,15392.3,15769.4,10739.6,9626.6,8518.3,6629.5,962.8,801.0,9.0,8.3,69.8,61.0,9.0,8.3
2020-11,Manitoba,519.8,529.5,366.5,320.5,298.1,220.1,28.7,24.3,7.8,7.6,70.5,60.5,7.8,7.6
2020-11,New Brunswick,317.5,330.5,208.4,193.6,165.4,143.4,25.2,15.1,12.1,7.8,65.6,58.6,12.1,7.8
2020-11,Newfoundland and Labrador,218.7,226.7,135.5,125.5,103.3,86.4,19.6,14.7,14.5,11.7,62.0,55.4,14.5,11.7
2020-11,Nova Scotia,394.8,422.2,252.2,246.6,200.1,179.9,21.7,11.7,8.6,4.7,63.9,58.4,8.6,4.7
2020-11,Ontario,6023.5,6243.6,4195.9,3809.9,3354.3,2635.6,381.3,350.4,9.1,9.2,69.7,61.0,9.1,9.2
2020-11,Prince Edward Island,65.2,67.8,46.0,41.6,35.5,28.9,5.2,4.5,11.3,10.8,70.6,61.4,11.3,10.8
2020-11,Quebec,3526.0,3548.2,2408.7,2121.9,1937.5,1517.9,189.0,136.5,7.8,6.4,68.3,59.8,7.8,6.4
2020-11,Saskatchewan,446.2,441.8,328.7,271.9,265.7,192.3,27.0,15.8,8.2,5.8,73.7,61.5,8.2,5.8
2020-12,Alberta,1763.0,1761.9,1309.5,1134.4,1026.9,751.3,142.5,121.2,10.9,10.7,74.3,64.4,10.9,10.7
2020-12,British Columbia,2119.6,2199.7,1475.4,1354.5,1189.9,875.9,105.5,110.5,7.2,8.2,69.6,61.6,7.2,8.2
2020-12,Canada,15400.1,15777.3,10735.0,9621.9,8549.6,6616.2,963.0,854.1,9.0,8.9,69.7,61.0,9.0,8.9
2020-12,Manitoba,519.8,529.6,368.3,314.5,301.6,212.3,27.9,28.6,7.6,9.1,70.9,59.4,7.6,9.1
2020-12,New Brunswick,317.6,330.6,209.5,193.4,163.5,141.2,25.0,15.0,11.9,7.8,66.0,58.5,11.9,7.8
2020-12,Newfoundland and Labrador,218.7,226.7,134.8,125.3,101.4,86.3,21.5,13.8,15.9,11.0,61.6,55.3,15.9,11.0
2020-12,Nova Scotia,394.8,422.2,255.7,247.0,203.5,175.5,25.9,16.6,10.1,6.7,64.8,58.5,10.1,6.7
2020-12,Ontario,6027.2,6247.2,4228.7,3829.7,3342.4,2623.9,404.8,400.2,9.6,10.4,70.2,61.3,9.6,10.4
2020-12,Prince Edward Island,65.2,67.8,45.8,40.9,35.8,29.9,5.4,4.0,11.8,9.8,70.2,60.3,11.8,9.8
2020-12,Quebec,3527.9,3549.7,2381.6,2112.7,1922.5,1532.2,175.9,128.5,7.4,6.1,67.5,59.5,7.4,6.1
2020-12,Saskatchewan,446.2,441.9,325.8,269.5,262.1,187.8,28.5,15.7,8.7,5.8,73.0,61.0,8.7,5.8
2021-01,Alberta,1764.3,1763.4,1317.8,1134.2,1047.0,746.6,128.1,124.3,9.7,11.0,74.7,64.3,9.7,11.0
2021-01,British Columbia,2120.0,2200.6,1480.2,1368.9,1193.2,879.2,100.3,117.9,6.8,8.6,69.8,62.2,6.8,8.6
2021-01,Canada,15406.8,15784.3,10672.2,9550.9,8548.7,6623.6,957.9,912.2,9.0,9.6,69.3,60.5,9.0,9.6
2021-01,Manitoba,519.8,529.6,366.1,320.4,304.4,219.7,25.0,30.1,6.8,9.4,70.4,60.5,6.8,9.4
2021-01,New Brunswick,317.7,330.6,208.3,193.6,163.7,141.7,21.1,14.8,10.1,7.6,65.6,58.6,10.1,7.6
2021-01,Newfoundland and Labrador,218.6,226.6,135.3,125.7,103.4,87.2,19.0,14.0,14.0,11.1,61.9,55.5,14.0,11.1
2021-01,Nova Scotia,394.9,422.3,259.3,253.1,204.1,179.4,27.6,16.7,10.6,6.6,65.7,59.9,10.6,6.6
2021-01,Ontario,6030.3,6250.2,4161.3,3733.3,3325.7,2623.4,412.5,396.0,9.9,10.6,69.0,59.7,9.9,10.6
2021-01,Prince Edward Island,65.3,67.8,45.0,40.3,36.4,29.0,3.9,3.6,8.7,8.9,68.9,59.4,8.7,8.9
2021-01,Quebec,3529.7,3551.2,2376.2,2106.3,1906.7,1527.6,195.5,177.7,8.2,8.4,67.3,59.3,8.2,8.4
2021-01,Saskatchewan,446.2,441.9,322.7,275.1,264.2,189.7,25.0,17.1,7.7,6.2,72.3,62.3,7.7,6.2
2021-02,Alberta,1766.0,1765.4,1321.1,1142.0,1055.4,745.5,127.4,113.9,9.6,10.0,74.8,64.7,9.6,10.0
2021-02,British Columbia,2121.1,2202.2,1491.5,1362.2,1180.0,878.5,103.8,103.0,7.0,7.6,70.3,61.9,7.0,7.6
2021-02,Canada,15419.1,15797.2,10728.9,9613.0,8584.8,6682.2,884.1,835.3,8.2,8.7,69.6,60.9,8.2,8.7
2021-02,Manitoba,520.3,530.1,369.6,325.0,307.0,219.9,25.1,24.1,6.8,7.4,71.0,61.3,6.8,7.4
2021-02,New Brunswick,317.8,330.7,206.8,194.1,160.9,143.2,24.2,13.8,11.7,7.1,65.1,58.7,11.7,7.1
2021-02,Newfoundland and Labrador,218.5,226.6,134.2,117.2,99.3,80.6,23.7,13.8,17.7,11.8,61.4,51.7,17.7,11.8
2021-02,Nova Scotia,395.0,422.4,257.3,255.8,200.3,182.1,26.2,16.9,10.2,6.6,65.1,60.6,10.2,6.6
2021-02,Ontario,6036.3,6256.2,4186.7,3779.8,3352.9,2653.3,365.4,393.8,8.7,10.4,69.4,60.4,8.7,10.4
2021-02,Prince Edward Island,65.3,67.9,45.9,40.5,35.8,29.5,4.7,4.0,10.2,9.9,70.3,59.6,10.2,9.9
2021-02,Quebec,3532.2,3553.4,2393.3,2120.4,1927.4,1558.4,160.3,133.3,6.7,6.3,67.8,59.7,6.7,6.3
2021-02,Saskatchewan,446.7,442.4,322.6,275.9,265.7,191.2,23.5,18.6,7.3,6.7,72.2,62.4,7.3,6.7
2021-03,Alberta,1766.9,1766.6,1325.7,1157.0,1069.5,749.7,115.2,110.0,8.7,9.5,75.0,65.5,8.7,9.5
2021-03,British Columbia,2122.3,2203.7,1496.4,1369.0,1179.2,871.4,97.9,102.2,6.5,7.5,70.5,62.1,6.5,7.5
2021-03,Canada,15427.8,15807.0,10801.7,9633.0,8667.8,6745.7,835.1,724.3,7.7,7.5,70.0,60.9,7.7,7.5
2021-03,Manitoba,520.5,530.3,372.8,326.2,307.3,226.7,26.3,23.0,7.1,7.1,71.6,61.5,7.1,7.1
2021-03,New Brunswick,317.8,330.8,207.0,194.6,163.1,140.8,21.6,16.0,10.4,8.2,65.1,58.8,10.4,8.2
2021-03,Newfoundland and Labrador,218.5,226.6,132.6,123.2,98.9,87.7,20.1,13.2,15.2,10.7,60.7,54.4,15.2,10.7
2021-03,Nova Scotia,395.1,422.6,260.3,255.1,202.1,180.5,26.5,20.4,10.2,8.0,65.9,60.4,10.2,8.0
2021-03,Ontario,6040.8,6261.1,4222.3,3767.3,3410.5,2693.6,322.5,291.4,7.6,7.7,69.9,60.2,7.6,7.7
2021-03,Prince Edward Island,65.4,67.9,46.3,40.3,36.6,29.2,4.4,2.9,9.5,7.2,70.8,59.4,9.5,7.2
2021-03,Quebec,3533.5,3554.7,2412.3,2129.2,1936.1,1577.6,174.7,128.6,7.2,6.0,68.3,59.9,7.2,6.0
2021-03,Saskatchewan,446.9,442.6,326.1,271.0,264.4,188.6,25.8,16.6,7.9,6.1,73.0,61.2,7.9,6.1
2021-04,Alberta,1767.7,1767.6,1311.5,1143.6,1066.8,758.5,114.9,101.6,8.8,8.9,74.2,64.7,8.8,8.9
2021-04,British Columbia,2123.8,2205.6,1470.3,1355.3,1168.0,890.7,105.0,92.9,7.1,6.9,69.2,61.4,7.1,6.9
2021-04,Canada,15435.7,15816.3,10744.6,9592.8,8630.9,6697.8,872.4,786.9,8.1,8.2,69.6,60.7,8.1,8.2
2021-04,Manitoba,520.5,530.4,378.6,329.8,307.8,227.3,26.2,25.3,6.9,7.7,72.7,62.2,6.9,7.7
2021-04,New Brunswick,318.0,330.9,206.9,193.3,163.1,145.5,21.5,13.0,10.4,6.7,65.1,58.4,10.4,6.7
2021-04,Newfoundland and Labrador,218.4,226.6,133.0,124.2,99.2,89.0,21.6,12.4,16.2,10.0,60.9,54.8,16.2,10.0
2021-04,Nova Scotia,395.2,422.8,260.0,252.1,202.6,179.6,25.4,17.0,9.8,6.7,65.8,59.6,9.8,6.7
2021-04,Ontario,6045.4,6266.0,4215.8,3754.2,3386.5,2625.4,362.5,368.4,8.6,9.8,69.7,59.9,8.6,9.8
2021-04,Prince Edward Island,65.5,68.0,46.5,41.2,36.8,29.3,4.7,3.6,10.1,8.7,71.0,60.6,10.1,8.7
2021-04,Quebec,3534.5,3555.7,2396.4,2124.8,1936.3,1565.9,167.7,135.8,7.0,6.4,67.8,59.8,7.0,6.4
2021-04,Saskatchewan,446.9,442.6,325.4,274.4,263.7,186.6,22.9,16.7,7.0,6.1,72.8,62.0,7.0,6.1
2021-05,Alberta,1768.0,1768.2,1313.9,1132.3,1073.5,749.4,107.0,101.9,8.1,9.0,74.3,64.0,8.1,9.0
2021-05,British Columbia,2126.2,2208.4,1486.4,1344.7,1191.0,887.3,105.2,94.4,7.1,7.0,69.9,60.9,7.1,7.0
2021-05,Canada,15442.5,15823.6,10735.8,9545.4,8633.6,6663.5,872.8,789.0,8.1,8.3,69.5,60.3,8.1,8.3
2021-05,Manitoba,520.3,530.4,374.5,328.7,308.1,227.0,24.4,24.6,6.5,7.5,72.0,62.0,6.5,7.5
2021-05,New Brunswick,318.2,331.1,206.8,193.6,163.7,143.5,21.9,14.1,10.6,7.3,65.0,58.5,10.6,7.3
2021-05,Newfoundland and Labrador,218.4,226.6,132.2,120.6,98.3,85.4,21.5,11.5,16.3,9.5,60.5,53.2,16.3,9.5
2021-05,Nova Scotia,395.5,423.2,254.8,244.5,195.9,171.6,29.4,22.3,11.5,9.1,64.4,57.8,11.5,9.1
2021-05,Ontario,6048.3,6269.0,4203.9,3725.1,3358.7,2625.0,380.6,354.0,9.1,9.5,69.5,59.4,9.1,9.5
2021-05,Prince Edward Island,65.6,68.1,46.2,42.1,36.6,29.7,4.9,4.1,10.6,9.7,70.4,61.8,10.6,9.7
2021-05,Quebec,3535.2,3556.2,2390.1,2139.0,1943.7,1557.2,154.5,146.4,6.5,6.8,67.6,60.1,6.5,6.8
2021-05,Saskatchewan,446.8,442.6,327.1,274.9,264.2,187.4,23.4,15.8,7.2,5.7,73.2,62.1,7.2,5.7
2021-06,Alberta,1768.5,1769.2,1314.8,1146.7,1064.2,749.2,117.6,97.7,8.9,8.5,74.3,64.8,8.9,8.5
2021-06,British Columbia,2129.0,2211.5,1505.0,1350.0,1180.9,878.4,102.8,88.9,6.8,6.6,70.7,61.0,6.8,6.6
2021-06,Canada,15450.4,15833.1,10811.4,9667.3,8630.3,6705.2,890.1,715.7,8.2,7.4,70.0,61.1,8.2,7.4
2021-06,Manitoba,520.2,530.3,372.8,328.3,306.1,225.4,27.2,25.1,7.3,7.6,71.7,61.9,7.3,7.6
2021-06,New Brunswick,318.4,331.4,206.1,193.7,162.4,142.2,24.7,14.3,12.0,7.4,64.7,58.4,12.0,7.4
2021-06,Newfoundland and Labrador,218.3,226.6,133.3,122.9,98.9,90.0,22.7,9.8,17.0,8.0,61.1,54.2,17.0,8.0
2021-06,Nova Scotia,395.9,423.7,260.0,249.3,203.0,170.9,26.4,18.2,10.2,7.3,65.7,58.8,10.2,7.3
2021-06,Ontario,6051.5,6272.5,4220.2,3793.0,3353.6,2669.6,383.8,311.3,9.1,8.2,69.7,60.5,9.1,8.2
2021-06,Prince Edward Island,65.6,68.1,46.6,42.7,35.7,29.2,6.1,4.8,13.1,11.2,71.0,62.7,13.1,11.2
2021-06,Quebec,3536.3,3557.4,2427.1,2162.3,1961.4,1559.9,154.6,128.3,6.4,5.9,68.6,60.8,6.4,5.9
2021-06,Saskatchewan,446.6,442.4,325.4,278.3,264.1,190.4,24.0,17.3,7.4,6.2,72.9,62.9,7.4,6.2
2021-07,Alberta,1769.9,1770.9,1315.5,1140.6,1051.9,754.0,112.6,96.1,8.6,8.4,74.3,64.4,8.6,8.4
2021-07,British Columbia,2132.3,2215.2,1506.3,1347.0,1189.7,881.4,97.9,86.1,6.5,6.4,70.6,60.8,6.5,6.4
2021-07,Canada,15465.7,15849.7,10831.5,9684.2,8625.5,6769.7,851.0,682.7,7.9,7.0,70.0,61.1,7.9,7.0
2021-07,Manitoba,520.6,530.8,372.4,329.7,306.5,229.3,23.0,20.4,6.2,6.2,71.5,62.1,6.2,6.2
2021-07,New Brunswick,318.7,331.6,208.0,192.3,166.7,140.9,23.1,14.6,11.1,7.6,65.3,58.0,11.1,7.6
2021-07,Newfoundland and Labrador,218.3,226.7,133.2,124.0,100.0,91.0,21.5,11.7,16.1,9.4,61.0,54.7,16.1,9.4
2021-07,Nova Scotia,396.3,424.1,261.7,250.7,204.2,174.6,25.6,18.4,9.8,7.3,66.0,59.1,9.8,7.3
2021-07,Ontario,6058.8,6280.0,4247.6,3822.2,3377.4,2703.6,357.4,284.9,8.4,7.5,70.1,60.9,8.4,7.5
2021-07,Prince Edward Island,65.7,68.2,47.4,42.3,37.1,29.8,6.0,3.8,12.7,9.0,72.1,62.0,12.7,9.0
2021-07,Quebec,3538.4,3559.5,2412.3,2162.3,1927.1,1576.4,159.3,129.2,6.6,6.0,68.2,60.7,6.6,6.0
2021-07,Saskatchewan,446.8,442.7,327.0,273.1,264.9,188.8,24.6,17.4,7.5,6.4,73.2,61.7,7.5,6.4
2021-08,Alberta,1772.0,1773.3,1325.5,1143.2,1061.2,781.5,110.4,85.9,8.3,7.5,74.8,64.5,8.3,7.5
2021-08,British Columbia,2137.2,2220.5,1505.1,1355.1,1201.8,890.1,95.3,86.3,6.3,6.4,70.4,61.0,6.3,6.4
2021-08,Canada,15485.6,15871.2,10830.0,9701.2,8654.8,6793.3,826.7,652.1,7.6,6.7,69.9,61.1,7.6,6.7
2021-08,Manitoba,521.0,531.3,373.1,324.1,309.2,228.2,22.8,19.3,6.1,6.0,71.6,61.0,6.1,6.0
2021-08,New Brunswick,319.1,332.0,204.0,193.2,164.1,140.7,21.9,16.6,10.7,8.6,63.9,58.2,10.7,8.6
2021-08,Newfoundland and Labrador,218.4,226.9,133.1,124.1,100.6,87.6,21.4,12.3,16.1,9.9,60.9,54.7,16.1,9.9
2021-08,Nova Scotia,397.2,425.1,261.0,251.2,207.6,171.1,24.0,18.5,9.2,7.4,65.7,59.1,9.2,7.4
2021-08,Ontario,6066.5,6288.3,4237.3,3846.1,3355.8,2691.6,346.8,286.0,8.2,7.4,69.8,61.2,8.2,7.4
2021-08,Prince Edward Island,66.1,68.6,47.3,41.9,37.5,30.2,5.7,3.6,12.1,8.6,71.6,61.1,12.1,8.6
2021-08,Quebec,3541.1,3562.4,2412.6,2144.9,1949.9,1579.9,150.9,109.7,6.3,5.1,68.1,60.2,6.3,5.1
2021-08,Saskatchewan,447.0,442.9,331.0,277.3,267.2,192.4,27.4,14.0,8.3,5.0,74.0,62.6,8.3,5.0
2021-09,Alberta,1774.3,1775.9,1335.3,1158.2,1073.9,793.0,115.5,80.7,8.6,7.0,75.3,65.2,8.6,7.0
2021-09,British Columbia,2141.6,2225.5,1498.0,1365.1,1183.3,915.4,91.7,85.5,6.1,6.3,69.9,61.3,6.1,6.3
2021-09,Canada,15502.3,15889.3,10888.0,9798.4,8712.0,6932.4,818.1,649.7,7.5,6.6,70.2,61.7,7.5,6.6
2021-09,Manitoba,521.0,531.4,378.4,329.3,313.0,229.3,24.1,16.4,6.4,5.0,72.6,62.0,6.4,5.0
2021-09,New Brunswick,319.8,332.6,208.0,193.4,166.8,141.0,22.8,15.9,11.0,8.2,65.0,58.1,11.0,8.2
2021-09,Newfoundland and Labrador,218.5,227.0,131.4,126.5,97.1,93.2,24.1,12.1,18.3,9.6,60.1,55.7,18.3,9.6
2021-09,Nova Scotia,398.1,426.0,261.5,252.7,209.4,172.3,23.0,18.5,8.8,7.3,65.7,59.3,8.8,7.3
2021-09,Ontario,6072.7,6294.9,4266.8,3889.9,3419.6,2758.8,334.4,280.6,7.8,7.2,70.3,61.8,7.8,7.2
2021-09,Prince Edward Island,66.4,68.8,47.9,42.2,37.0,31.3,6.4,3.3,13.4,7.8,72.1,61.3,13.4,7.8
2021-09,Quebec,3542.9,3564.4,2430.5,2164.5,1944.8,1604.0,152.7,121.1,6.3,5.6,68.6,60.7,6.3,5.6
2021-09,Saskatchewan,447.0,442.9,330.1,276.7,267.2,194.0,23.6,15.5,7.1,5.6,73.8,62.5,7.1,5.6
2021-10,Alberta,1777.0,1779.0,1321.9,1154.4,1089.8,784.3,101.7,88.2,7.7,7.6,74.4,64.9,7.7,7.6
2021-10,British Columbia,2145.6,2230.0,1505.5,1342.6,1194.1,917.4,91.2,71.8,6.1,5.3,70.2,60.2,6.1,5.3
2021-10,Canada,15520.8,15909.3,10840.3,9764.7,8744.6,6922.2,730.0,620.0,6.7,6.3,69.8,61.4,6.7,6.3
2021-10,Manitoba,521.2,531.6,373.2,330.7,309.1,231.3,19.8,16.3,5.3,4.9,71.6,62.2,5.3,4.9
2021-10,New Brunswick,320.2,332.9,206.4,196.3,169.3,142.1,18.6,19.1,9.0,9.7,64.5,59.0,9.0,9.7
2021-10,Newfoundland and Labrador,218.5,227.0,133.0,124.1,98.9,91.7,23.6,11.8,17.7,9.5,60.9,54.7,17.7,9.5
2021-10,Nova Scotia,398.7,426.6,264.0,249.7,205.8,173.0,24.6,17.3,9.3,6.9,66.2,58.5,9.3,6.9
2021-10,Ontario,6080.5,6303.3,4264.4,3870.7,3422.0,2760.6,288.3,270.0,6.8,7.0,70.1,61.4,6.8,7.0
2021-10,Prince Edward Island,66.6,69.0,47.6,41.6,37.9,30.9,5.5,2.8,11.6,6.7,71.5,60.3,11.6,6.7
2021-10,Quebec,3545.3,3566.8,2398.6,2179.6,1950.2,1598.5,135.2,108.2,5.6,5.0,67.7,61.1,5.6,5.0
2021-10,Saskatchewan,447.0,443.0,325.7,275.1,267.5,192.5,21.5,14.5,6.6,5.3,72.9,62.1,6.6,5.3
2021-11,Alberta,1779.9,1782.1,1324.3,1158.5,1086.7,790.7,100.2,82.6,7.6,7.1,74.4,65.0,7.6,7.1
2021-11,British Columbia,2149.5,2234.3,1510.6,1355.7,1189.9,919.3,93.9,68.5,6.2,5.1,70.3,60.7,6.2,5.1
2021-11,Canada,15538.2,15928.0,10879.9,9789.4,8783.7,6968.1,717.2,557.7,6.6,5.7,70.0,61.5,6.6,5.7
2021-11,Manitoba,521.4,531.8,373.6,331.0,312.3,228.8,20.6,15.6,5.5,4.7,71.7,62.2,5.5,4.7
2021-11,New Brunswick,320.6,333.4,207.7,194.3,168.4,144.9,19.9,14.8,9.6,7.6,64.8,58.3,9.6,7.6
2021-11,Newfoundland and Labrador,218.6,227.1,131.8,123.2,103.3,93.4,18.4,9.5,14.0,7.7,60.3,54.2,14.0,7.7
2021-11,Nova Scotia,399.3,427.2,264.1,252.9,210.0,176.6,24.7,20.2,9.4,8.0,66.1,59.2,9.4,8.0
2021-11,Ontario,6088.0,6311.2,4287.1,3884.6,3438.2,2797.0,290.3,247.3,6.8,6.4,70.4,61.6,6.8,6.4
2021-11,Prince Edward Island,66.8,69.1,49.2,42.1,38.0,31.3,5.8,2.5,11.8,5.9,73.7,60.9,11.8,5.9
2021-11,Quebec,3547.1,3568.7,2409.3,2172.8,1970.3,1588.3,124.0,83.3,5.1,3.8,67.9,60.9,5.1,3.8
2021-11,Saskatchewan,447.0,443.0,322.2,274.5,266.6,197.9,19.2,13.5,6.0,4.9,72.1,62.0,6.0,4.9
2021-12,Alberta,1782.8,1785.3,1334.0,1166.4,1111.1,788.2,89.4,83.8,6.7,7.2,74.8,65.3,6.7,7.2
2021-12,British Columbia,2153.0,2238.3,1500.0,1347.0,1204.9,921.9,90.8,59.5,6.1,4.4,69.7,60.2,6.1,4.4
2021-12,Canada,15559.8,15950.3,10882.6,9826.3,8911.0,6958.2,663.4,572.3,6.1,5.8,69.9,61.6,6.1,5.8
2021-12,Manitoba,521.9,532.3,373.6,333.6,310.2,230.4,19.7,16.4,5.3,4.9,71.6,62.7,5.3,4.9
2021-12,New Brunswick,321.1,333.8,203.2,193.4,166.7,146.9,17.1,13.7,8.4,7.1,63.3,57.9,8.4,7.1
2021-12,Newfoundland and Labrador,218.7,227.3,133.8,123.6,102.1,92.6,20.9,11.0,15.6,8.9,61.2,54.4,15.6,8.9
2021-12,Nova Scotia,400.2,428.1,259.8,252.8,209.4,180.7,19.9,18.7,7.7,7.4,64.9,59.1,7.7,7.4
2021-12,Ontario,6098.3,6321.7,4299.0,3910.2,3506.9,2780.2,265.7,256.3,6.2,6.6,70.5,61.9,6.2,6.6
2021-12,Prince Edward Island,67.0,69.4,49.1,42.5,38.4,30.3,4.8,3.0,9.8,7.1,73.3,61.2,9.8,7.1
2021-12,Quebec,3549.2,3570.6,2402.6,2180.6,1991.2,1587.7,114.2,97.3,4.8,4.5,67.7,61.1,4.8,4.5
2021-12,Saskatchewan,447.4,443.4,327.5,276.2,270.2,199.2,21.0,12.7,6.4,4.6,73.2,62.3,6.4,4.6
2022-01,Alberta,1785.6,1788.3,1319.0,1182.4,1087.3,798.1,84.7,86.3,6.4,7.3,73.9,66.1,6.4,7.3
2022-01,British Columbia,2155.4,2240.9,1485.0,1371.3,1207.8,916.9,82.4,64.0,5.5,4.7,68.9,61.2,5.5,4.7
2022-01,Canada,15578.3,15968.4,10815.8,9808.2,8890.0,6955.5,691.6,646.3,6.4,6.6,69.4,61.4,6.4,6.6
2022-01,Manitoba,522.7,533.0,374.1,334.8,315.4,235.5,17.9,16.3,4.8,4.9,71.6,62.8,4.8,4.9
2022-01,New Brunswick,321.8,334.5,202.5,192.5,168.3,143.5,16.5,17.5,8.1,9.1,62.9,57.5,8.1,9.1
2022-01,Newfoundland and Labrador,218.9,227.5,136.7,123.8,101.9,93.5,24.9,12.1,18.2,9.8,62.4,54.4,18.2,9.8
2022-01,Nova Scotia,401.1,428.9,259.6,252.0,211.1,189.4,18.3,16.5,7.0,6.5,64.7,58.8,7.0,6.5
2022-01,Ontario,6106.5,6329.6,4280.1,3865.6,3506.0,2758.5,298.4,308.8,7.0,8.0,70.1,61.1,7.0,8.0
2022-01,Prince Edward Island,67.3,69.5,48.4,42.0,39.2,29.9,4.5,4.5,9.3,10.7,71.9,60.4,9.3,10.7
2022-01,Quebec,3551.1,3572.4,2382.6,2163.0,1976.1,1589.1,125.4,105.3,5.3,4.9,67.1,60.5,5.3,4.9
2022-01,Saskatchewan,448.0,443.8,327.7,280.9,276.8,201.1,18.6,15.2,5.7,5.4,73.1,63.3,5.7,5.4
2022-02,Alberta,1788.6,1791.6,1331.1,1184.6,1094.6,802.9,89.9,71.5,6.8,6.0,74.4,66.1,6.8,6.0
2022-02,British Columbia,2158.8,2244.7,1497.4,1381.4,1233.8,943.2,78.9,57.9,5.3,4.2,69.4,61.5,5.3,4.2
2022-02,Canada,15599.0,15989.8,10899.5,9870.2,8975.6,7047.5,626.1,499.8,5.7,5.1,69.9,61.7,5.7,5.1
2022-02,Manitoba,523.5,533.6,376.8,335.1,312.1,234.2,19.7,12.0,5.2,3.6,72.0,62.8,5.2,3.6
2022-02,New Brunswick,322.5,335.1,202.5,193.6,169.0,145.4,17.1,12.5,8.4,6.5,62.8,57.8,8.4,6.5
2022-02,Newfoundland and Labrador,219.1,227.6,137.8,128.6,102.5,95.3,23.2,10.5,16.8,8.2,62.9,56.5,16.8,8.2
2022-02,Nova Scotia,401.9,429.8,262.7,251.3,212.4,185.0,18.0,14.7,6.9,5.8,65.4,58.5,6.9,5.8
2022-02,Ontario,6115.8,6339.1,4303.6,3880.1,3531.0,2803.0,249.1,213.2,5.8,5.5,70.4,61.2,5.8,5.5
2022-02,Prince Edward Island,67.5,69.7,48.4,44.0,40.1,31.2,4.9,3.9,10.1,8.9,71.7,63.1,10.1,8.9
2022-02,Quebec,3552.7,3574.2,2409.7,2189.1,2008.2,1603.8,107.5,93.1,4.5,4.3,67.8,61.2,4.5,4.3
2022-02,Saskatchewan,448.6,444.4,329.4,282.4,271.9,203.5,17.8,10.4,5.4,3.7,73.4,63.5,5.4,3.7
2022-03,Alberta,1791.8,1794.8,1324.6,1181.4,1097.8,799.1,82.7,73.0,6.2,6.2,73.9,65.8,6.2,6.2
2022-03,British Columbia,2161.8,2248.0,1501.4,1377.8,1226.5,937.8,76.6,65.6,5.1,4.8,69.5,61.3,5.1,4.8
2022-03,Canada,15618.5,16008.4,10873.7,9885.9,9006.0,7016.3,562.4,533.8,5.2,5.4,69.6,61.8,5.2,5.4
2022-03,Manitoba,524.4,534.4,372.3,334.8,310.0,229.4,17.3,15.9,4.6,4.7,71.0,62.6,4.6,4.7
2022-03,New Brunswick,323.1,335.6,205.7,192.3,171.8,145.6,17.0,11.4,8.3,5.9,63.7,57.3,8.3,5.9
2022-03,Newfoundland and Labrador,219.3,227.8,137.0,128.1,104.9,93.3,21.7,13.7,15.8,10.7,62.5,56.2,15.8,10.7
2022-03,Nova Scotia,402.7,430.5,261.7,252.6,215.2,181.8,16.5,19.3,6.3,7.6,65.0,58.7,6.3,7.6
2022-03,Ontario,6123.1,6346.0,4282.5,3903.2,3552.9,2799.8,209.6,226.1,4.9,5.8,69.9,61.5,4.9,5.8
2022-03,Prince Edward Island,67.7,69.9,48.8,43.5,39.6,31.3,5.0,2.9,10.2,6.7,72.1,62.2,10.2,6.7
2022-03,Quebec,3555.2,3576.5,2411.7,2191.1,2014.8,1596.5,97.5,93.9,4.0,4.3,67.8,61.3,4.0,4.3
2022-03,Saskatchewan,449.3,444.9,328.1,281.0,272.6,201.7,18.5,12.1,5.6,4.3,73.0,63.2,5.6,4.3
2022-04,Alberta,1795.1,1798.2,1329.1,1191.2,1104.2,812.4,80.2,73.7,6.0,6.2,74.0,66.2,6.0,6.2
2022-04,British Columbia,2164.3,2250.9,1508.4,1375.2,1226.3,939.5,77.7,61.6,5.2,4.5,69.7,61.1,5.2,4.5
2022-04,Canada,15636.6,16026.3,10935.2,9876.7,9013.6,7025.5,593.2,502.5,5.4,5.1,69.9,61.6,5.4,5.1
2022-04,Manitoba,525.3,535.1,372.5,335.5,311.8,230.2,18.7,15.2,5.0,4.5,70.9,62.7,5.0,4.5
2022-04,New Brunswick,323.6,336.1,207.6,192.8,171.2,150.9,16.0,9.6,7.7,5.0,64.2,57.4,7.7,5.0
2022-04,Newfoundland and Labrador,219.3,227.9,135.0,125.5,104.8,89.5,18.5,11.9,13.7,9.5,61.6,55.1,13.7,9.5
2022-04,Nova Scotia,403.4,431.2,266.1,252.8,214.0,186.9,16.3,15.0,6.1,5.9,66.0,58.6,6.1,5.9
2022-04,Ontario,6129.9,6352.2,4325.7,3899.4,3558.2,2795.0,238.0,206.2,5.5,5.3,70.6,61.4,5.5,5.3
2022-04,Prince Edward Island,68.0,70.1,48.5,43.2,40.1,31.3,4.3,3.0,8.9,6.9,71.3,61.6,8.9,6.9
2022-04,Quebec,3557.6,3579.1,2412.5,2175.9,2009.8,1584.3,103.4,92.8,4.3,4.3,67.8,60.8,4.3,4.3
2022-04,Saskatchewan,450.1,445.6,329.8,285.1,273.3,205.6,20.0,13.4,6.1,4.7,73.3,64.0,6.1,4.7
2022-05,Alberta,1799.2,1802.5,1335.8,1189.7,1118.7,842.4,78.4,66.7,5.9,5.6,74.2,66.0,5.9,5.6
2022-05,British Columbia,2167.1,2253.9,1493.5,1384.5,1236.7,952.9,62.5,62.6,4.2,4.5,68.9,61.4,4.2,4.5
2022-05,Canada,15658.4,16047.3,10898.5,9925.0,9026.5,7136.7,596.0,479.5,5.5,4.8,69.6,61.8,5.5,4.8
2022-05,Manitoba,526.1,535.8,371.0,336.4,310.5,233.5,16.9,14.5,4.6,4.3,70.5,62.8,4.6,4.3
2022-05,New Brunswick,324.5,336.8,205.4,195.4,172.5,147.4,15.1,12.8,7.4,6.6,63.3,58.0,7.4,6.6
2022-05,Newfoundland and Labrador,219.6,228.1,135.7,125.9,106.6,89.0,16.0,11.0,11.8,8.7,61.8,55.2,11.8,8.7
2022-05,Nova Scotia,404.5,432.3,263.9,256.0,214.5,185.4,18.7,16.8,7.1,6.6,65.2,59.2,7.1,6.6
2022-05,Ontario,6136.7,6358.8,4295.8,3915.7,3556.1,2806.4,243.9,203.5,5.7,5.2,70.0,61.6,5.7,5.2
2022-05,Prince Edward Island,68.3,70.4,48.4,44.2,39.3,32.8,4.3,2.7,8.9,6.1,70.9,62.8,8.9,6.1
2022-05,Quebec,3561.5,3582.3,2418.1,2195.5,1996.8,1641.1,121.3,79.6,5.0,3.6,67.9,61.3,5.0,3.6
2022-05,Saskatchewan,451.0,446.3,331.0,281.6,274.8,205.9,18.9,9.3,5.7,3.3,73.4,63.1,5.7,3.3
2022-06,Alberta,1802.8,1806.2,1331.3,1190.2,1113.2,836.5,76.2,54.5,5.7,4.6,73.8,65.9,5.7,4.6
2022-06,British Columbia,2169.6,2256.6,1494.7,1388.1,1229.6,960.5,64.8,69.6,4.3,5.0,68.9,61.5,4.3,5.0
2022-06,Canada,15678.7,16066.6,10848.8,9880.0,9024.5,7124.3,556.8,469.2,5.1,4.7,69.2,61.5,5.1,4.7
2022-06,Manitoba,526.8,536.4,370.7,335.7,313.2,234.4,15.2,13.0,4.1,3.9,70.4,62.6,4.1,3.9
2022-06,New Brunswick,325.1,337.5,204.3,194.4,171.9,148.9,12.9,11.7,6.3,6.0,62.8,57.6,6.3,6.0
2022-06,Newfoundland and Labrador,219.8,228.3,134.5,124.6,106.2,89.2,16.3,9.1,12.1,7.3,61.2,54.6,12.1,7.3
2022-06,Nova Scotia,405.4,433.2,264.6,255.0,214.7,185.4,21.3,12.1,8.0,4.7,65.3,58.9,8.0,4.7
2022-06,Ontario,6143.5,6365.0,4271.4,3887.9,3576.2,2824.0,223.5,197.6,5.2,5.1,69.5,61.1,5.2,5.1
2022-06,Prince Edward Island,68.6,70.6,47.6,44.1,39.4,32.8,3.2,2.3,6.7,5.2,69.4,62.5,6.7,5.2
2022-06,Quebec,3565.4,3585.7,2400.2,2179.7,1984.3,1607.1,107.4,91.8,4.5,4.2,67.3,60.8,4.5,4.2
2022-06,Saskatchewan,451.8,447.0,329.5,280.3,275.8,205.6,15.9,7.6,4.8,2.7,72.9,62.7,4.8,2.7
2022-07,Alberta,1806.6,1810.2,1323.8,1187.8,1128.2,830.6,66.6,58.4,5.0,4.9,73.3,65.6,5.0,4.9
2022-07,British Columbia,2171.4,2258.7,1497.2,1387.2,1233.9,965.8,69.7,60.9,4.7,4.4,69.0,61.4,4.7,4.4
2022-07,Canada,15697.6,16084.8,10867.0,9875.7,9083.8,7106.7,540.1,471.4,5.0,4.8,69.2,61.4,5.0,4.8
2022-07,Manitoba,527.4,536.9,369.5,335.3,314.0,235.3,13.6,14.3,3.7,4.3,70.1,62.5,3.7,4.3
2022-07,New Brunswick,326.0,338.3,207.9,196.6,173.3,153.4,17.3,12.5,8.3,6.4,63.8,58.1,8.3,6.4
2022-07,Newfoundland and Labrador,220.0,228.6,132.8,127.0,107.2,91.3,16.1,10.5,12.1,8.3,60.4,55.6,12.1,8.3
2022-07,Nova Scotia,406.6,434.4,263.6,253.6,215.2,183.4,20.1,13.8,7.6,5.4,64.8,58.4,7.6,5.4
2022-07,Ontario,6149.1,6370.3,4277.2,3906.2,3596.5,2805.5,205.7,210.8,4.8,5.4,69.6,61.3,4.8,5.4
2022-07,Prince Edward Island,68.8,70.8,46.8,43.5,39.1,32.3,3.3,2.4,7.1,5.5,68.0,61.4,7.1,5.5
2022-07,Quebec,3569.0,3588.8,2422.8,2157.3,2001.4,1603.5,111.6,79.0,4.6,3.7,67.9,60.1,4.6,3.7
2022-07,Saskatchewan,452.7,447.7,325.3,281.2,275.2,205.5,16.0,8.8,4.9,3.1,71.9,62.8,4.9,3.1
2022-08,Alberta,1812.0,1815.7,1336.5,1191.1,1135.9,819.7,72.5,67.2,5.4,5.6,73.8,65.6,5.4,5.6
2022-08,British Columbia,2173.8,2261.3,1495.5,1381.6,1226.7,954.6,68.3,62.3,4.6,4.5,68.8,61.1,4.6,4.5
2022-08,Canada,15722.7,16109.2,10937.4,9872.7,9061.8,7058.6,595.1,508.7,5.4,5.2,69.6,61.3,5.4,5.2
2022-08,Manitoba,528.3,537.6,374.6,332.9,313.5,235.8,18.5,19.5,4.9,5.9,70.9,61.9,4.9,5.9
2022-08,New Brunswick,327.2,339.4,211.8,195.7,174.5,152.2,17.9,11.8,8.5,6.0,64.7,57.7,8.5,6.0
2022-08,Newfoundland and Labrador,220.2,228.9,134.7,127.3,107.0,91.7,17.0,10.9,12.6,8.6,61.2,55.6,12.6,8.6
2022-08,Nova Scotia,408.1,435.9,268.6,255.7,217.4,186.5,26.6,14.4,9.9,5.6,65.8,58.7,9.9,5.6
2022-08,Ontario,6157.2,6377.9,4290.2,3905.2,3575.8,2797.4,233.9,227.1,5.5,5.8,69.7,61.2,5.5,5.8
2022-08,Prince Edward Island,69.1,71.1,47.5,44.0,38.8,32.5,3.7,2.7,7.8,6.1,68.7,61.9,7.8,6.1
2022-08,Quebec,3573.0,3592.7,2451.0,2156.1,1998.5,1583.9,119.1,81.9,4.9,3.8,68.6,60.0,4.9,3.8
2022-08,Saskatchewan,453.8,448.8,326.8,283.1,273.7,204.3,17.5,10.9,5.4,3.9,72.0,63.1,5.4,3.9
2022-09,Alberta,1817.0,1820.8,1336.2,1183.0,1146.0,797.4,71.7,65.3,5.4,5.5,73.5,65.0,5.4,5.5
2022-09,British Columbia,2175.4,2262.9,1501.2,1389.0,1235.5,949.6,65.3,59.0,4.3,4.2,69.0,61.4,4.3,4.2
2022-09,Canada,15745.2,16130.4,10918.7,9872.6,9058.2,7074.9,584.7,488.5,5.4,4.9,69.3,61.2,5.4,4.9
2022-09,Manitoba,529.1,538.2,373.7,337.4,311.1,241.6,15.9,16.8,4.3,5.0,70.6,62.7,4.3,5.0
2022-09,New Brunswick,328.2,340.3,211.3,194.1,174.0,150.6,17.5,9.6,8.3,4.9,64.4,57.0,8.3,4.9
2022-09,Newfoundland and Labrador,220.5,229.1,133.7,125.9,105.9,91.2,16.2,9.7,12.1,7.7,60.6,55.0,12.1,7.7
2022-09,Nova Scotia,409.2,437.0,262.9,255.5,211.7,187.4,19.7,12.9,7.5,5.0,64.2,58.5,7.5,5.0
2022-09,Ontario,6165.0,6384.8,4293.1,3877.7,3573.2,2823.3,235.3,220.6,5.5,5.7,69.6,60.7,5.5,5.7
2022-09,Prince Edward Island,69.2,71.2,46.6,43.1,37.8,30.7,4.3,2.9,9.2,6.7,67.3,60.5,9.2,6.7
2022-09,Quebec,3577.0,3596.5,2438.6,2183.8,1992.9,1600.0,122.8,81.8,5.0,3.7,68.2,60.7,5.0,3.7
2022-09,Saskatchewan,454.8,449.6,321.3,283.2,270.2,203.1,16.1,9.8,5.0,3.5,70.6,63.0,5.0,3.5
2022-10,Alberta,1822.5,1826.3,1347.9,1182.8,1160.4,796.9,63.1,72.6,4.7,6.1,74.0,64.8,4.7,6.1
2022-10,British Columbia,2177.6,2265.2,1493.0,1398.6,1228.0,950.3,70.2,61.6,4.7,4.4,68.6,61.7,4.7,4.4
2022-10,Canada,15771.8,16155.2,10937.2,9935.1,9101.0,7053.1,563.1,522.8,5.1,5.3,69.3,61.5,5.1,5.3
2022-10,Manitoba,530.1,539.0,376.4,340.5,316.8,243.5,17.9,16.0,4.8,4.7,71.0,63.2,4.8,4.7
2022-10,New Brunswick,329.1,340.9,213.2,196.0,172.3,151.5,20.6,9.7,9.7,4.9,64.8,57.5,9.7,4.9
2022-10,Newfoundland and Labrador,220.6,229.2,134.5,127.2,105.0,89.9,17.2,10.8,12.8,8.5,61.0,55.5,12.8,8.5
2022-10,Nova Scotia,410.2,437.9,266.0,256.9,215.0,191.1,22.7,13.4,8.5,5.2,64.8,58.7,8.5,5.2
2022-10,Ontario,6175.4,6394.2,4295.5,3916.5,3563.7,2791.8,225.9,240.7,5.3,6.1,69.6,61.3,5.3,6.1
2022-10,Prince Edward Island,69.4,71.3,47.0,44.4,40.2,32.6,2.3,3.3,4.9,7.4,67.7,62.3,4.9,7.4
2022-10,Quebec,3581.1,3600.5,2438.3,2184.2,2026.3,1600.2,104.7,82.7,4.3,3.8,68.1,60.7,4.3,3.8
2022-10,Saskatchewan,455.9,450.5,325.4,287.9,273.2,205.4,18.4,11.9,5.7,4.1,71.4,63.9,5.7,4.1
2022-11,Alberta,1826.7,1830.5,1343.6,1198.5,1144.8,807.0,73.7,71.4,5.5,6.0,73.6,65.5,5.5,6.0
2022-11,British Columbia,2178.5,2266.2,1493.9,1387.2,1225.3,961.0,77.4,48.6,5.2,3.5,68.6,61.2,5.2,3.5
2022-11,Canada,15791.5,16172.7,10956.4,9924.9,9135.9,7109.2,583.5,484.7,5.3,4.9,69.4,61.4,5.3,4.9
2022-11,Manitoba,530.7,539.5,377.9,334.4,321.2,242.8,15.7,14.5,4.2,4.3,71.2,62.0,4.2,4.3
2022-11,New Brunswick,329.8,341.6,210.3,195.2,172.7,146.1,18.6,10.6,8.8,5.4,63.8,57.1,8.8,5.4
2022-11,Newfoundland and Labrador,220.8,229.4,134.6,126.6,106.5,92.1,15.8,11.4,11.7,9.0,61.0,55.2,11.7,9.0
2022-11,Nova Scotia,410.7,438.4,263.5,258.2,216.3,193.1,17.6,12.2,6.7,4.7,64.2,58.9,6.7,4.7
2022-11,Ontario,6183.7,6401.4,4315.1,3903.6,3611.4,2816.9,240.1,228.1,5.6,5.8,69.8,61.0,5.6,5.8
2022-11,Prince Edward Island,69.4,71.4,46.1,43.3,38.7,32.0,3.2,3.4,6.9,7.9,66.4,60.6,6.9,7.9
2022-11,Quebec,3584.4,3603.1,2446.7,2191.6,2028.5,1614.1,104.5,74.4,4.3,3.4,68.3,60.8,4.3,3.4
2022-11,Saskatchewan,456.8,451.3,324.7,286.2,270.4,204.0,17.0,10.2,5.2,3.6,71.1,63.4,5.2,3.6
2022-12,Alberta,1831.3,1835.0,1353.4,1198.9,1154.3,816.2,73.3,70.0,5.4,5.8,73.9,65.3,5.4,5.8
2022-12,British Columbia,2180.3,2267.8,1493.6,1388.2,1228.9,965.1,68.7,50.0,4.6,3.6,68.5,61.2,4.6,3.6
2022-12,Canada,15814.3,16193.0,10978.2,9947.6,9116.4,7199.5,567.7,475.7,5.2,4.8,69.4,61.4,5.2,4.8
2022-12,Manitoba,531.5,540.1,377.5,335.8,318.7,241.5,16.9,14.0,4.5,4.2,71.0,62.2,4.5,4.2
2022-12,New Brunswick,330.4,342.1,212.8,198.4,172.4,148.3,20.3,11.8,9.5,5.9,64.4,58.0,9.5,5.9
2022-12,Newfoundland and Labrador,221.1,229.7,135.3,128.0,108.1,92.5,15.2,11.3,11.2,8.8,61.2,55.7,11.2,8.8
2022-12,Nova Scotia,411.2,438.9,263.7,260.9,214.6,194.8,18.2,14.2,6.9,5.4,64.1,59.4,6.9,5.4
2022-12,Ontario,6192.6,6409.1,4315.2,3910.2,3582.6,2867.2,231.7,206.9,5.4,5.3,69.7,61.0,5.4,5.3
2022-12,Prince Edward Island,69.6,71.5,46.6,42.8,38.9,31.7,3.2,1.9,6.9,4.4,67.0,59.9,6.9,4.4
2022-12,Quebec,3588.5,3606.7,2455.3,2197.6,2028.9,1637.4,105.0,83.6,4.3,3.8,68.4,60.9,4.3,3.8
2022-12,Saskatchewan,457.9,452.2,324.7,286.7,269.1,204.8,15.1,11.8,4.7,4.1,70.9,63.4,4.7,4.1
2023-01,Alberta,1837.3,1841.2,1371.9,1213.8,1147.6,829.8,84.0,71.9,6.1,5.9,74.7,65.9,6.1,5.9
2023-01,British Columbia,2183.7,2271.5,1499.6,1397.5,1243.1,972.9,69.9,56.5,4.7,4.0,68.7,61.5,4.7,4.0
2023-01,Canada,15847.2,16223.1,11052.1,10026.3,9165.7,7271.3,568.7,477.3,5.1,4.8,69.7,61.8,5.1,4.8
2023-01,Manitoba,532.4,540.8,378.1,334.6,316.1,243.2,16.5,13.1,4.4,3.9,71.0,61.9,4.4,3.9
2023-01,New Brunswick,331.4,342.9,211.5,197.9,172.3,148.7,19.7,11.1,9.3,5.6,63.8,57.7,9.3,5.6
2023-01,Newfoundland and Labrador,221.4,229.9,137.2,128.6,106.6,92.2,19.2,12.2,14.0,9.5,62.0,55.9,14.0,9.5
2023-01,Nova Scotia,412.1,439.7,266.2,261.8,219.0,194.8,13.8,12.7,5.2,4.9,64.6,59.5,5.2,4.9
2023-01,Ontario,6206.8,6421.4,4331.9,3944.4,3605.2,2902.0,218.6,208.0,5.0,5.3,69.8,61.4,5.0,5.3
2023-01,Prince Edward Island,69.8,71.7,47.4,43.5,38.7,31.3,4.0,3.0,8.4,6.9,67.9,60.7,8.4,6.9
2023-01,Quebec,3593.5,3611.0,2481.4,2215.5,2044.7,1649.6,107.5,77.7,4.3,3.5,69.1,61.4,4.3,3.5
2023-01,Saskatchewan,458.9,453.1,326.9,288.6,272.4,206.5,15.5,11.0,4.7,3.8,71.2,63.7,4.7,3.8
2023-02,Alberta,1842.6,1846.6,1368.5,1213.6,1153.1,835.2,79.5,71.3,5.8,5.9,74.3,65.7,5.8,5.9
2023-02,British Columbia,2187.7,2275.7,1500.4,1425.3,1233.1,987.3,78.4,69.9,5.2,4.9,68.6,62.6,5.2,4.9
2023-02,Canada,15878.2,16252.3,11046.3,10074.1,9160.8,7307.4,569.9,496.5,5.2,4.9,69.6,62.0,5.2,4.9
2023-02,Manitoba,533.5,541.9,382.6,339.1,323.9,247.5,15.8,17.9,4.1,5.3,71.7,62.6,4.1,5.3
2023-02,New Brunswick,332.2,343.5,210.3,199.3,169.8,150.6,17.1,8.9,8.1,4.5,63.3,58.0,8.1,4.5
2023-02,Newfoundland and Labrador,221.8,230.3,136.5,128.1,108.4,94.5,16.5,9.8,12.1,7.7,61.5,55.6,12.1,7.7
2023-02,Nova Scotia,413.0,440.5,266.9,260.1,217.3,192.8,17.8,12.4,6.7,4.8,64.6,59.0,6.7,4.8
2023-02,Ontario,6220.2,6433.7,4338.5,3950.4,3609.8,2926.3,215.1,208.5,5.0,5.3,69.7,61.4,5.0,5.3
2023-02,Prince Edward Island,70.1,72.0,48.5,43.8,39.7,32.8,4.1,2.7,8.5,6.2,69.2,60.8,8.5,6.2
2023-02,Quebec,3597.4,3614.3,2465.6,2224.8,2030.5,1633.4,110.2,84.1,4.5,3.8,68.5,61.6,4.5,3.8
2023-02,Saskatchewan,459.7,454.0,328.5,289.5,275.2,207.0,15.5,10.9,4.7,3.8,71.5,63.8,4.7,3.8
2023-03,Alberta,1849.6,1853.5,1371.4,1222.0,1153.0,845.8,85.0,63.4,6.2,5.2,74.1,65.9,6.2,5.2
2023-03,British Columbia,2194.1,2282.2,1497.6,1411.2,1229.8,991.9,70.6,60.9,4.7,4.3,68.3,61.8,4.7,4.3
2023-03,Canada,15920.3,16290.9,11070.8,10070.9,9179.5,7307.4,572.9,480.0,5.2,4.8,69.5,61.8,5.2,4.8
2023-03,Manitoba,535.4,543.6,384.7,340.7,323.9,246.0,17.4,16.7,4.5,4.9,71.9,62.7,4.5,4.9
2023-03,New Brunswick,332.9,344.2,210.5,198.7,174.5,152.0,14.6,9.0,6.9,4.5,63.2,57.7,6.9,4.5
2023-03,Newfoundland and Labrador,222.3,230.7,135.5,129.4,106.7,95.5,16.3,10.9,12.0,8.4,61.0,56.1,12.0,8.4
2023-03,Nova Scotia,414.1,441.4,264.2,261.7,212.1,192.1,18.1,11.7,6.9,4.5,63.8,59.3,6.9,4.5
2023-03,Ontario,6237.8,6449.3,4370.3,3940.3,3626.2,2897.4,227.7,196.2,5.2,5.0,70.1,61.1,5.2,5.0
2023-03,Prince Edward Island,70.4,72.2,48.7,44.8,39.8,33.9,4.0,2.2,8.2,4.9,69.2,62.0,8.2,4.9
2023-03,Quebec,3602.7,3618.6,2458.1,2235.8,2036.4,1646.7,102.2,97.1,4.2,4.3,68.2,61.8,4.2,4.3
2023-03,Saskatchewan,461.1,455.2,329.8,286.4,277.2,206.2,16.9,12.0,5.1,4.2,71.5,62.9,5.1,4.2
2023-04,Alberta,1856.3,1860.2,1375.4,1220.5,1143.6,859.5,86.2,66.6,6.3,5.5,74.1,65.6,6.3,5.5
2023-04,British Columbia,2200.0,2288.2,1504.4,1420.8,1235.7,978.7,80.8,65.1,5.4,4.6,68.4,62.1,5.4,4.6
2023-04,Canada,15958.1,16325.2,11120.7,10067.7,9191.1,7289.7,584.8,473.3,5.3,4.7,69.7,61.7,5.3,4.7
2023-04,Manitoba,536.9,544.9,383.4,339.0,321.5,242.9,18.2,16.8,4.7,5.0,71.4,62.2,4.7,5.0
2023-04,New Brunswick,333.6,344.8,212.7,196.0,172.1,154.0,17.7,7.4,8.3,3.8,63.8,56.8,8.3,3.8
2023-04,Newfoundland and Labrador,222.6,231.0,136.7,127.8,106.4,93.5,16.4,10.2,12.0,8.0,61.4,55.3,12.0,8.0
2023-04,Nova Scotia,415.0,442.3,266.1,264.7,213.7,195.2,18.8,14.7,7.1,5.6,64.1,59.8,7.1,5.6
2023-04,Ontario,6253.6,6463.1,4398.6,3930.9,3629.5,2889.2,221.7,188.4,5.0,4.8,70.3,60.8,5.0,4.8
2023-04,Prince Edward Island,70.8,72.5,50.4,45.9,41.1,34.2,4.5,2.3,8.9,5.0,71.2,63.3,8.9,5.0
2023-04,Quebec,3607.0,3621.9,2464.1,2233.9,2049.2,1633.9,103.8,89.2,4.2,4.0,68.3,61.7,4.2,4.0
2023-04,Saskatchewan,462.2,456.3,328.9,288.1,278.2,208.6,16.9,12.7,5.1,4.4,71.2,63.1,5.1,4.4
2023-05,Alberta,1864.5,1868.2,1379.2,1214.3,1138.8,865.2,88.8,57.7,6.4,4.8,74.0,65.0,6.4,4.8
2023-05,British Columbia,2206.0,2294.1,1516.2,1410.8,1238.5,980.2,74.0,72.3,4.9,5.1,68.7,61.5,4.9,5.1
2023-05,Canada,16001.8,16364.0,11129.9,10076.0,9173.0,7275.0,596.4,496.6,5.4,4.9,69.6,61.6,5.4,4.9
2023-05,Manitoba,538.2,546.0,385.6,344.8,326.5,245.9,18.4,16.4,4.8,4.8,71.6,63.2,4.8,4.8
2023-05,New Brunswick,334.7,345.7,214.0,195.9,175.5,153.8,16.8,8.3,7.9,4.2,63.9,56.7,7.9,4.2
2023-05,Newfoundland and Labrador,223.0,231.3,134.4,126.1,104.7,93.9,17.1,9.6,12.7,7.6,60.3,54.5,12.7,7.6
2023-05,Nova Scotia,416.4,443.7,263.8,258.2,212.6,187.8,17.8,12.1,6.7,4.7,63.4,58.2,6.7,4.7
2023-05,Ontario,6271.6,6478.1,4396.0,3963.4,3619.4,2853.4,237.1,226.8,5.4,5.7,70.1,61.2,5.4,5.7
2023-05,Prince Edward Island,71.1,72.9,50.3,45.6,40.5,35.8,5.0,2.0,9.9,4.4,70.7,62.6,9.9,4.4
2023-05,Quebec,3612.9,3626.6,2461.9,2230.9,2039.2,1653.0,106.5,79.7,4.3,3.6,68.1,61.5,4.3,3.6
2023-05,Saskatchewan,463.4,457.2,328.5,286.0,277.3,206.0,15.0,11.8,4.6,4.1,70.9,62.6,4.6,4.1
2023-06,Alberta,1872.4,1875.9,1392.0,1214.6,1152.2,861.7,83.2,65.8,6.0,5.4,74.3,64.7,6.0,5.4
2023-06,British Columbia,2212.5,2300.7,1517.8,1424.3,1235.5,986.9,80.0,83.9,5.3,5.9,68.6,61.9,5.3,5.9
2023-06,Canada,16046.1,16403.3,11210.4,10109.5,9237.3,7320.3,616.3,530.8,5.5,5.3,69.9,61.6,5.5,5.3
2023-06,Manitoba,539.7,547.4,382.6,345.3,326.6,244.7,16.3,15.3,4.3,4.4,70.9,63.1,4.3,4.4
2023-06,New Brunswick,335.8,346.6,212.1,197.3,176.3,153.1,16.2,10.0,7.6,5.1,63.2,56.9,7.6,5.1
2023-06,Newfoundland and Labrador,223.3,231.6,132.1,126.9,104.2,93.6,15.3,7.5,11.6,5.9,59.2,54.8,11.6,5.9
2023-06,Nova Scotia,417.7,444.9,269.4,260.5,216.4,189.9,18.7,15.4,6.9,5.9,64.5,58.6,6.9,5.9
2023-06,Ontario,6290.3,6494.1,4439.8,3988.2,3656.0,2911.4,244.8,232.0,5.5,5.8,70.6,61.4,5.5,5.8
2023-06,Prince Edward Island,71.4,73.1,50.1,44.2,40.3,34.0,5.0,2.7,10.0,6.1,70.2,60.5,10.0,6.1
2023-06,Quebec,3618.3,3630.6,2482.3,2221.8,2050.8,1636.3,120.2,85.7,4.8,3.9,68.6,61.2,4.8,3.9
2023-06,Saskatchewan,464.6,458.3,332.3,286.4,279.1,208.7,16.8,12.4,5.1,4.3,71.5,62.5,5.1,4.3
