,REF_DATE,GEO,Population,Unemployment,Unemployment rate
0,2019-01,Alberta,3428.3,162.8,0.047487092728174314
1,2019-01,British Columbia,4203.1,130.2,0.03097713592348504
2,2019-01,Canada,30479.6,1148.7,0.037687502460662214
3,2019-01,Manitoba,1034.6999999999998,40.2,0.0388518411133662
4,2019-01,New Brunswick,639.3,33.2,0.05193180040669483
5,2019-01,Newfoundland and Labrador,446.2,31.4,0.07037203047960555
6,2019-01,Nova Scotia,800.9000000000001,35.1,0.04382569609189661
7,2019-01,Ontario,11949.8,438.9,0.03672864817821219
8,2019-01,Prince Edward Island,128.6,8.600000000000001,0.06687402799377917
9,2019-01,Quebec,6967.9,235.4,0.033783492874467205
10,2019-01,Saskatchewan,880.8,32.9,0.037352406902815626
11,2019-02,Alberta,3431.8,175.7,0.051197622239058216
12,2019-02,British Columbia,4207.9,126.69999999999999,0.030110031131918534
13,2019-02,Canada,30508.1,1162.9,0.038117745778989846
14,2019-02,Manitoba,1035.2,38.1,0.036804482225656875
15,2019-02,New Brunswick,639.7,34.900000000000006,0.0545568235110208
16,2019-02,Newfoundland and Labrador,446.1,31.799999999999997,0.07128446536650974
17,2019-02,Nova Scotia,801.5,33.5,0.041796631316281974
18,2019-02,Ontario,11963.099999999999,438.2,0.036629301769608213
19,2019-02,Prince Edward Island,128.8,8.5,0.06599378881987578
20,2019-02,Quebec,6972.8,240.10000000000002,0.03443379990821478
21,2019-02,Saskatchewan,881.2,35.4,0.040172492056286875
22,2019-03,Alberta,3435.8999999999996,167.1,0.04863354579586135
23,2019-03,British Columbia,4214.3,137.1,0.03253209311154877
24,2019-03,Canada,30542.4,1182.0,0.0387002986012887
25,2019-03,Manitoba,1036.0,36.0,0.03474903474903475
26,2019-03,New Brunswick,640.2,31.9,0.04982817869415807
27,2019-03,Newfoundland and Labrador,445.9,32.5,0.0728862973760933
28,2019-03,Nova Scotia,802.0999999999999,32.6,0.04064331130781699
29,2019-03,Ontario,11979.0,462.2,0.03858418899741214
30,2019-03,Prince Edward Island,129.1,7.8,0.060418280402788536
31,2019-03,Quebec,6978.4,243.8,0.03493637510030953
32,2019-03,Saskatchewan,881.3,31.1,0.03528877794167707
33,2019-04,Alberta,3441.0,159.8,0.04643998837547225
34,2019-04,British Columbia,4223.299999999999,135.2,0.03201288092250137
35,2019-04,Canada,30589.4,1163.6999999999998,0.038042589916768545
36,2019-04,Manitoba,1037.0,35.599999999999994,0.03432979749276759
37,2019-04,New Brunswick,641.0999999999999,32.3,0.05038215566994229
38,2019-04,Newfoundland and Labrador,445.6,31.700000000000003,0.07114003590664274
39,2019-04,Nova Scotia,803.2,35.900000000000006,0.04469621513944223
40,2019-04,Ontario,12000.8,470.20000000000005,0.039180721285247654
41,2019-04,Prince Edward Island,129.7,7.699999999999999,0.059367771781033155
42,2019-04,Quebec,6986.0,221.7,0.0317348983681649
43,2019-04,Saskatchewan,881.7,33.7,0.03822161733015765
44,2019-05,Alberta,3445.5,166.2,0.04823683064867218
45,2019-05,British Columbia,4230.700000000001,126.5,0.029900489280733678
46,2019-05,Canada,30630.4,1102.6,0.03599691809444212
47,2019-05,Manitoba,1038.1,35.9,0.034582410172430404
48,2019-05,New Brunswick,641.8,29.8,0.04643191025241509
49,2019-05,Newfoundland and Labrador,445.6,32.2,0.072262118491921
50,2019-05,Nova Scotia,804.0999999999999,34.5,0.04290511130456411
51,2019-05,Ontario,12019.9,408.5,0.033985307698067374
52,2019-05,Prince Edward Island,130.1,7.5,0.057647963105303617
53,2019-05,Quebec,6992.299999999999,229.4,0.032807516839952526
54,2019-05,Saskatchewan,882.3,32.0,0.0362688427972345
55,2019-06,Alberta,3450.6000000000004,165.3,0.047904712223961046
56,2019-06,British Columbia,4238.2,133.5,0.031499221367561704
57,2019-06,Canada,30674.9,1131.2,0.036877055833922846
58,2019-06,Manitoba,1039.6,38.6,0.037129665255867646
59,2019-06,New Brunswick,642.4000000000001,32.9,0.05121419676214196
60,2019-06,Newfoundland and Labrador,445.7,33.3,0.07471393313888265
61,2019-06,Nova Scotia,805.5,35.4,0.04394785847299813
62,2019-06,Ontario,12040.900000000001,425.79999999999995,0.03536280510593061
63,2019-06,Prince Edward Island,130.3,7.9,0.060629316960859554
64,2019-06,Quebec,6998.9,227.9,0.0325622597836803
65,2019-06,Saskatchewan,883.0,30.700000000000003,0.0347678369195923
66,2019-07,Alberta,3456.6000000000004,176.9,0.05117745761731181
67,2019-07,British Columbia,4247.1,132.4,0.03117421299239481
68,2019-07,Canada,30727.0,1167.3,0.03798939043837667
69,2019-07,Manitoba,1041.1,40.8,0.039189318989530306
70,2019-07,New Brunswick,643.3,36.5,0.05673869112389243
71,2019-07,Newfoundland and Labrador,445.6,33.2,0.07450628366247757
72,2019-07,Nova Scotia,806.6,37.3,0.046243491197619634
73,2019-07,Ontario,12065.2,446.7,0.037023837151476974
74,2019-07,Prince Edward Island,130.7,7.6,0.05814843152257077
75,2019-07,Quebec,7006.9,221.7,0.03164024033452739
76,2019-07,Saskatchewan,884.0,34.2,0.038687782805429866
77,2019-08,Alberta,3461.2,190.39999999999998,0.05500982318271119
78,2019-08,British Columbia,4253.1,142.3,0.033457948320048905
79,2019-08,Canada,30763.9,1174.4,0.03817461375183251
80,2019-08,Manitoba,1042.0,37.4,0.035892514395393475
81,2019-08,New Brunswick,644.0,33.6,0.052173913043478265
82,2019-08,Newfoundland and Labrador,445.7,33.9,0.07606013013237603
83,2019-08,Nova Scotia,807.8,40.1,0.04964100024758604
84,2019-08,Ontario,12082.7,445.1,0.036837792877419784
85,2019-08,Prince Edward Island,131.0,7.6,0.05801526717557252
86,2019-08,Quebec,7011.700000000001,211.6,0.03017813083845572
87,2019-08,Saskatchewan,884.7,32.5,0.03673561659319543
88,2019-09,Alberta,3468.0,164.5,0.04743367935409458
89,2019-09,British Columbia,4260.1,142.9,0.0335438135255041
90,2019-09,Canada,30808.7,1145.6,0.03718430183681882
91,2019-09,Manitoba,1043.5,35.4,0.03392429324389075
92,2019-09,New Brunswick,644.5,31.799999999999997,0.04934057408844065
93,2019-09,Newfoundland and Labrador,445.6,29.200000000000003,0.06552962298025135
94,2019-09,Nova Scotia,809.0,36.900000000000006,0.04561186650185415
95,2019-09,Ontario,12104.5,426.8,0.035259614193068695
96,2019-09,Prince Edward Island,131.2,7.5,0.057164634146341466
97,2019-09,Quebec,7016.6,236.6,0.03372003534475387
98,2019-09,Saskatchewan,885.7,34.099999999999994,0.0385006209777577
99,2019-10,Alberta,3473.3,161.1,0.04638240290213917
100,2019-10,British Columbia,4265.0,140.89999999999998,0.03303634232121922
101,2019-10,Canada,30842.5,1143.8,0.037085190889195103
102,2019-10,Manitoba,1044.3,37.3,0.03571770564014172
103,2019-10,New Brunswick,644.9,32.6,0.05055047294154133
104,2019-10,Newfoundland and Labrador,445.79999999999995,30.799999999999997,0.06908927770300584
105,2019-10,Nova Scotia,809.8,40.6,0.050135836008891085
106,2019-10,Ontario,12120.8,426.7,0.03520394693419576
107,2019-10,Prince Edward Island,131.2,7.2,0.05487804878048781
108,2019-10,Quebec,7021.0,234.39999999999998,0.033385557612875656
109,2019-10,Saskatchewan,886.4,32.3,0.036439530685920575
110,2019-11,Alberta,3478.2,180.3,0.051837157150250134
111,2019-11,British Columbia,4269.4,147.4,0.03452475757717712
112,2019-11,Canada,30872.8,1201.3,0.03891127464952968
113,2019-11,Manitoba,1045.0,38.8,0.03712918660287081
114,2019-11,New Brunswick,645.3,30.9,0.04788470478847048
115,2019-11,Newfoundland and Labrador,445.79999999999995,31.5,0.07065948855989233
116,2019-11,Nova Scotia,810.5,40.7,0.05021591610117212
117,2019-11,Ontario,12135.2,440.7,0.0363158415188872
118,2019-11,Prince Edward Island,131.3,6.8,0.05178979436405178
119,2019-11,Quebec,7025.200000000001,245.89999999999998,0.035002562204634734
120,2019-11,Saskatchewan,886.9,38.5,0.043409629044988164
121,2019-12,Alberta,3482.2,176.8,0.05077250014358739
122,2019-12,British Columbia,4273.3,139.3,0.03259775817284066
123,2019-12,Canada,30898.1,1144.2,0.03703140322544105
124,2019-12,Manitoba,1045.4,33.5,0.03204515018174861
125,2019-12,New Brunswick,645.5,29.6,0.04585592563903951
126,2019-12,Newfoundland and Labrador,445.79999999999995,32.2,0.07222969941677884
127,2019-12,Nova Scotia,811.0,41.099999999999994,0.05067817509247841
128,2019-12,Ontario,12146.8,417.1,0.03433826192906774
129,2019-12,Prince Edward Island,131.4,6.8999999999999995,0.05251141552511415
130,2019-12,Quebec,7029.2,230.5,0.032791782848688326
131,2019-12,Saskatchewan,887.2,37.3,0.04204238052299368
132,2020-01,Alberta,3486.9,178.89999999999998,0.051306317932834314
133,2020-01,British Columbia,4277.1,133.0,0.031095835963620207
134,2020-01,Canada,30924.199999999997,1118.3,0.036162616979582334
135,2020-01,Manitoba,1046.0,35.5,0.033938814531548754
136,2020-01,New Brunswick,645.8,30.8,0.04769278414369774
137,2020-01,Newfoundland and Labrador,445.7,31.700000000000003,0.07112407448956698
138,2020-01,Nova Scotia,811.5,39.0,0.04805914972273567
139,2020-01,Ontario,12158.9,409.3,0.03366258460880508
140,2020-01,Prince Edward Island,131.5,6.5,0.049429657794676805
141,2020-01,Quebec,7033.3,217.7,0.030952753330584504
142,2020-01,Saskatchewan,887.6,36.0,0.040558810274898605
143,2020-02,Alberta,3491.0,180.7,0.05176167287310226
144,2020-02,British Columbia,4281.4,153.8,0.03592282898117439
145,2020-02,Canada,30949.1,1170.5,0.03782016278340889
146,2020-02,Manitoba,1046.4,36.4,0.034785932721712536
147,2020-02,New Brunswick,645.8,29.1,0.045060390213688455
148,2020-02,Newfoundland and Labrador,445.79999999999995,32.0,0.07178106774338269
149,2020-02,Nova Scotia,811.8,41.4,0.05099778270509978
150,2020-02,Ontario,12170.099999999999,442.6,0.036367819492033764
151,2020-02,Prince Edward Island,131.7,7.3,0.0554290053151101
152,2020-02,Quebec,7037.0,207.8,0.029529629103311073
153,2020-02,Saskatchewan,888.0999999999999,39.5,0.04447697331381602
154,2020-03,Alberta,3495.8999999999996,207.60000000000002,0.05938384965245003
155,2020-03,British Columbia,4286.2,205.9,0.04803788903924222
156,2020-03,Canada,30978.7,1647.8,0.05319138633964627
157,2020-03,Manitoba,1047.2,46.5,0.044404125286478226
158,2020-03,New Brunswick,646.1,35.4,0.054790280142392817
159,2020-03,Newfoundland and Labrador,445.79999999999995,29.3,0.06572454015253477
160,2020-03,Nova Scotia,812.0999999999999,47.8,0.05885974633665805
161,2020-03,Ontario,12184.2,638.8,0.05242855501387041
162,2020-03,Prince Edward Island,131.9,7.9,0.05989385898407885
163,2020-03,Quebec,7040.7,384.5,0.05461104719701166
164,2020-03,Saskatchewan,888.7,44.099999999999994,0.049623044897040613
165,2020-04,Alberta,3499.2,293.4,0.0838477366255144
166,2020-04,British Columbia,4288.700000000001,301.6,0.07032434070930585
167,2020-04,Canada,30994.3,2540.1000000000004,0.0819537785980003
168,2020-04,Manitoba,1047.2,74.30000000000001,0.0709511077158136
169,2020-04,New Brunswick,646.4,51.900000000000006,0.08029084158415843
170,2020-04,Newfoundland and Labrador,445.7,35.9,0.08054745344402064
171,2020-04,Nova Scotia,812.2,57.0,0.07017975868012805
172,2020-04,Ontario,12191.3,864.3,0.07089481843609788
173,2020-04,Prince Edward Island,132.1,8.8,0.06661619984859955
174,2020-04,Quebec,7043.0,788.7,0.11198352974584695
175,2020-04,Saskatchewan,888.5,64.2,0.0722566122678672
176,2020-05,Alberta,3502.1,358.5,0.1023671511378887
177,2020-05,British Columbia,4291.5,363.0,0.08458580915763719
178,2020-05,Canada,31009.3,2691.2,0.08678686716565676
179,2020-05,Manitoba,1047.1,78.9,0.07535096934390222
180,2020-05,New Brunswick,646.4,51.3,0.07936262376237624
181,2020-05,Newfoundland and Labrador,445.5,41.8,0.09382716049382715
182,2020-05,Nova Scotia,812.6,66.9,0.08232832882106818
183,2020-05,Ontario,12198.8,1032.5,0.08463947273502312
184,2020-05,Prince Edward Island,132.2,11.6,0.08774583963691378
185,2020-05,Quebec,7045.1,616.6,0.087521823678869
186,2020-05,Saskatchewan,888.0,69.9,0.07871621621621622
187,2020-06,Alberta,3506.4,370.0,0.1055213324207164
188,2020-06,British Columbia,4297.7,351.3,0.08174139656095121
189,2020-06,Canada,31036.9,2473.3,0.07968901533336126
190,2020-06,Manitoba,1047.4,70.5,0.06730952835592896
191,2020-06,New Brunswick,646.7,44.0,0.0680377300139168
192,2020-06,Newfoundland and Labrador,445.6,43.4,0.09739676840215439
193,2020-06,Nova Scotia,813.5,68.30000000000001,0.0839582052858021
194,2020-06,Ontario,12210.9,956.8,0.0783562227190461
195,2020-06,Prince Edward Island,132.4,12.3,0.09290030211480363
196,2020-06,Quebec,7048.700000000001,490.1,0.06953055173294366
197,2020-06,Saskatchewan,887.6,66.7,0.07514646237043714
198,2020-07,Alberta,3509.2,317.0,0.09033397925453095
199,2020-07,British Columbia,4303.4,299.1,0.06950318352930242
200,2020-07,Canada,31061.5,2203.2,0.07093025127569498
201,2020-07,Manitoba,1047.7,61.2,0.05841366803474277
202,2020-07,New Brunswick,647.0,40.7,0.06290571870170016
203,2020-07,Newfoundland and Labrador,445.5,42.9,0.0962962962962963
204,2020-07,Nova Scotia,814.2,54.0,0.06632277081798084
205,2020-07,Ontario,12222.3,897.0,0.07339044206082325
206,2020-07,Prince Edward Island,132.6,9.899999999999999,0.0746606334841629
207,2020-07,Quebec,7051.9,424.70000000000005,0.060224903926601354
208,2020-07,Saskatchewan,887.7,56.7,0.06387293004393377
209,2020-08,Alberta,3512.1,302.4,0.08610233193815665
210,2020-08,British Columbia,4306.9,300.20000000000005,0.06970210592305372
211,2020-08,Canada,31084.8,2043.3,0.06573309141445337
212,2020-08,Manitoba,1048.3,58.0,0.055327673375942
213,2020-08,New Brunswick,647.2,37.2,0.057478368355995055
214,2020-08,Newfoundland and Labrador,445.5,35.3,0.07923681257014589
215,2020-08,Nova Scotia,814.9,49.5,0.0607436495275494
216,2020-08,Ontario,12232.2,822.9,0.06727326237308087
217,2020-08,Prince Edward Island,132.7,8.5,0.0640542577241899
218,2020-08,Quebec,7057.1,380.29999999999995,0.05388899122869166
219,2020-08,Saskatchewan,888.0,49.099999999999994,0.05529279279279278
220,2020-09,Alberta,3515.3,296.2,0.08426023383495007
221,2020-09,British Columbia,4311.4,245.3,0.056895671939509215
222,2020-09,Canada,31114.5,1870.1999999999998,0.06010702405630815
223,2020-09,Manitoba,1048.5,53.6,0.05112064854554125
224,2020-09,New Brunswick,647.7,45.0,0.06947660954145438
225,2020-09,Newfoundland and Labrador,445.4,39.0,0.08756174225415357
226,2020-09,Nova Scotia,815.8,38.1,0.046702623191958816
227,2020-09,Ontario,12245.599999999999,768.3,0.06274090285490298
228,2020-09,Prince Edward Island,132.8,8.9,0.06701807228915663
229,2020-09,Quebec,7064.0,334.2,0.047310305775764436
230,2020-09,Saskatchewan,887.9,41.9,0.047189998873747044
231,2020-10,Alberta,3518.7,278.9,0.07926222752721175
232,2020-10,British Columbia,4314.7,235.7,0.05462720467239901
233,2020-10,Canada,31138.9,1843.3000000000002,0.05919605381050712
234,2020-10,Manitoba,1049.0,50.8,0.04842707340324118
235,2020-10,New Brunswick,647.8,42.3,0.06529793146032727
236,2020-10,Newfoundland and Labrador,445.4,35.0,0.07858105074090706
237,2020-10,Nova Scotia,816.6,44.7,0.0547391623806025
238,2020-10,Ontario,12256.6,759.4,0.06195845503647014
239,2020-10,Prince Edward Island,133.0,8.899999999999999,0.0669172932330827
240,2020-10,Quebec,7069.2,347.29999999999995,0.049128614270355905
241,2020-10,Saskatchewan,888.0,40.4,0.045495495495495496
242,2020-11,Alberta,3522.1000000000004,269.4,0.0764884585900457
243,2020-11,British Columbia,4317.6,223.5,0.05176486937187326
244,2020-11,Canada,31161.699999999997,1763.8,0.05660153329247121
245,2020-11,Manitoba,1049.3,53.0,0.05050986371866959
246,2020-11,New Brunswick,648.0,40.3,0.062191358024691355
247,2020-11,Newfoundland and Labrador,445.4,34.3,0.0770094297260889
248,2020-11,Nova Scotia,817.0,33.4,0.0408812729498164
249,2020-11,Ontario,12267.1,731.7,0.059647349414286996
250,2020-11,Prince Edward Island,133.0,9.7,0.07293233082706767
251,2020-11,Quebec,7074.2,325.5,0.046012269938650305
252,2020-11,Saskatchewan,888.0,42.8,0.04819819819819819
253,2020-12,Alberta,3524.9,263.7,0.07481063292575675
254,2020-12,British Columbia,4319.299999999999,216.0,0.05000810316486468
255,2020-12,Canada,31177.4,1817.1,0.05828260214129465
256,2020-12,Manitoba,1049.4,56.5,0.05384028968934629
257,2020-12,New Brunswick,648.2,40.0,0.0617093489663684
258,2020-12,Newfoundland and Labrador,445.4,35.3,0.07925460260440054
259,2020-12,Nova Scotia,817.0,42.5,0.052019583843329255
260,2020-12,Ontario,12274.4,805.0,0.06558365378348432
261,2020-12,Prince Edward Island,133.0,9.4,0.07067669172932331
262,2020-12,Quebec,7077.6,304.4,0.0430089295806488
263,2020-12,Saskatchewan,888.0999999999999,44.2,0.04976917013849792
264,2021-01,Alberta,3527.7,252.39999999999998,0.07154803412988632
265,2021-01,British Columbia,4320.6,218.2,0.050502245058556675
266,2021-01,Canada,31191.1,1870.1,0.05995620545604355
267,2021-01,Manitoba,1049.4,55.1,0.05250619401562798
268,2021-01,New Brunswick,648.3,35.900000000000006,0.05537559771710629
269,2021-01,Newfoundland and Labrador,445.2,33.0,0.07412398921832884
270,2021-01,Nova Scotia,817.2,44.3,0.05420949583945178
271,2021-01,Ontario,12280.5,808.5,0.06583608159276902
272,2021-01,Prince Edward Island,133.1,7.5,0.056348610067618335
273,2021-01,Quebec,7080.9,373.2,0.05270516459772063
274,2021-01,Saskatchewan,888.0999999999999,42.1,0.04740457155725707
275,2021-02,Alberta,3531.4,241.3,0.0683298408563176
276,2021-02,British Columbia,4323.299999999999,206.8,0.04783383063863254
277,2021-02,Canada,31216.300000000003,1719.4,0.05508019848604735
278,2021-02,Manitoba,1050.4,49.2,0.04683929931454684
279,2021-02,New Brunswick,648.5,38.0,0.058596761757902856
280,2021-02,Newfoundland and Labrador,445.1,37.5,0.08425073017299482
281,2021-02,Nova Scotia,817.4,43.099999999999994,0.05272816246635673
282,2021-02,Ontario,12292.5,759.2,0.0617612365263372
283,2021-02,Prince Edward Island,133.2,8.7,0.06531531531531531
284,2021-02,Quebec,7085.6,293.6,0.04143615219600316
285,2021-02,Saskatchewan,889.0999999999999,42.1,0.04735125407715668
286,2021-03,Alberta,3533.5,225.2,0.06373284279043441
287,2021-03,British Columbia,4326.0,200.10000000000002,0.04625520110957005
288,2021-03,Canada,31234.8,1559.4,0.0499250835606439
289,2021-03,Manitoba,1050.8,49.3,0.046916634944803956
290,2021-03,New Brunswick,648.6,37.6,0.057971014492753624
291,2021-03,Newfoundland and Labrador,445.1,33.3,0.0748146483936194
292,2021-03,Nova Scotia,817.7,46.9,0.057355998532469116
293,2021-03,Ontario,12301.900000000001,613.9,0.049902860533738685
294,2021-03,Prince Edward Island,133.3,7.300000000000001,0.05476369092273068
295,2021-03,Quebec,7088.2,303.29999999999995,0.04278942467763325
296,2021-03,Saskatchewan,889.5,42.400000000000006,0.04766722878021361
297,2021-04,Alberta,3535.3,216.5,0.06123949876955279
298,2021-04,British Columbia,4329.4,197.9,0.04571072204000555
299,2021-04,Canada,31252.0,1659.3,0.05309420197107385
300,2021-04,Manitoba,1050.9,51.5,0.04900561423541726
301,2021-04,New Brunswick,648.9,34.5,0.053166897827092004
302,2021-04,Newfoundland and Labrador,445.0,34.0,0.07640449438202247
303,2021-04,Nova Scotia,818.0,42.4,0.05183374083129584
304,2021-04,Ontario,12311.4,730.9,0.05936774046818396
305,2021-04,Prince Edward Island,133.5,8.3,0.06217228464419476
306,2021-04,Quebec,7090.2,303.5,0.042805562607542806
307,2021-04,Saskatchewan,889.5,39.599999999999994,0.0445193929173693
308,2021-05,Alberta,3536.2,208.9,0.05907471296872349
309,2021-05,British Columbia,4334.6,199.60000000000002,0.046048078254048816
310,2021-05,Canada,31266.1,1661.8,0.05315021700819738
311,2021-05,Manitoba,1050.6999999999998,49.0,0.04663557628247836
312,2021-05,New Brunswick,649.3,36.0,0.055444324657323275
313,2021-05,Newfoundland and Labrador,445.0,33.0,0.07415730337078652
314,2021-05,Nova Scotia,818.7,51.7,0.06314889458898253
315,2021-05,Ontario,12317.3,734.6,0.05963969376405544
316,2021-05,Prince Edward Island,133.7,9.0,0.06731488406881078
317,2021-05,Quebec,7091.4,300.9,0.04243167780692106
318,2021-05,Saskatchewan,889.4000000000001,39.2,0.04407465707218349
319,2021-06,Alberta,3537.7,215.3,0.0608587500353337
320,2021-06,British Columbia,4340.5,191.7,0.04416541873056099
321,2021-06,Canada,31283.5,1605.8000000000002,0.05133057362507393
322,2021-06,Manitoba,1050.5,52.3,0.04978581627796287
323,2021-06,New Brunswick,649.8,39.0,0.06001846722068329
324,2021-06,Newfoundland and Labrador,444.9,32.5,0.07305012362328614
325,2021-06,Nova Scotia,819.5999999999999,44.599999999999994,0.05441678867740361
326,2021-06,Ontario,12324.0,695.1,0.05640214216163583
327,2021-06,Prince Edward Island,133.7,10.899999999999999,0.08152580403889303
328,2021-06,Quebec,7093.700000000001,282.9,0.03988045730718806
329,2021-06,Saskatchewan,889.0,41.3,0.046456692913385826
330,2021-07,Alberta,3540.8,208.7,0.05894148215092634
331,2021-07,British Columbia,4347.5,184.0,0.042323174238067855
332,2021-07,Canada,31315.4,1533.7,0.04897590322972084
333,2021-07,Manitoba,1051.4,43.4,0.04127829560585885
334,2021-07,New Brunswick,650.3,37.7,0.057973243118560676
335,2021-07,Newfoundland and Labrador,445.0,33.2,0.07460674157303371
336,2021-07,Nova Scotia,820.4000000000001,44.0,0.05363237445148707
337,2021-07,Ontario,12338.8,642.3,0.05205530521606639
338,2021-07,Prince Edward Island,133.9,9.8,0.07318894697535475
339,2021-07,Quebec,7097.9,288.5,0.040645824821426056
340,2021-07,Saskatchewan,889.5,42.0,0.047217537942664416
341,2021-08,Alberta,3545.3,196.3,0.05536908019067498
342,2021-08,British Columbia,4357.7,181.6,0.04167335979989444
343,2021-08,Canada,31356.800000000003,1478.8000000000002,0.04716042453311563
344,2021-08,Manitoba,1052.3,42.1,0.04000760239475435
345,2021-08,New Brunswick,651.1,38.5,0.05913070188911073
346,2021-08,Newfoundland and Labrador,445.3,33.7,0.07567931731417023
347,2021-08,Nova Scotia,822.3,42.5,0.051684300133771136
348,2021-08,Ontario,12354.8,632.8,0.05121895943277107
349,2021-08,Prince Edward Island,134.7,9.3,0.0690423162583519
350,2021-08,Quebec,7103.5,260.6,0.03668614063489829
351,2021-08,Saskatchewan,889.9,41.4,0.04652208113271154
352,2021-09,Alberta,3550.2,196.2,0.05526449214128781
353,2021-09,British Columbia,4367.1,177.2,0.0405761260332944
354,2021-09,Canada,31391.6,1467.8000000000002,0.046757731367627016
355,2021-09,Manitoba,1052.4,40.5,0.03848346636259977
356,2021-09,New Brunswick,652.4000000000001,38.7,0.059319435928877985
357,2021-09,Newfoundland and Labrador,445.5,36.2,0.08125701459034793
358,2021-09,Nova Scotia,824.1,41.5,0.05035796626622983
359,2021-09,Ontario,12367.599999999999,615.0,0.04972670526213656
360,2021-09,Prince Edward Island,135.2,9.7,0.07174556213017752
361,2021-09,Quebec,7107.3,273.79999999999995,0.03852377133369915
362,2021-09,Saskatchewan,889.9,39.1,0.043937521069783124
363,2021-10,Alberta,3556.0,189.9,0.053402699662542186
364,2021-10,British Columbia,4375.6,163.0,0.037252034006764786
365,2021-10,Canada,31430.1,1350.0,0.042952456403256754
366,2021-10,Manitoba,1052.8000000000002,36.1,0.034289513677811544
367,2021-10,New Brunswick,653.0999999999999,37.7,0.057724697596080246
368,2021-10,Newfoundland and Labrador,445.5,35.400000000000006,0.07946127946127947
369,2021-10,Nova Scotia,825.3,41.900000000000006,0.05076941718163093
370,2021-10,Ontario,12383.8,558.3,0.04508309242720328
371,2021-10,Prince Edward Island,135.6,8.3,0.06120943952802361
372,2021-10,Quebec,7112.1,243.39999999999998,0.034223365813191596
373,2021-10,Saskatchewan,890.0,36.0,0.04044943820224719
374,2021-11,Alberta,3562.0,182.8,0.05131948343627176
375,2021-11,British Columbia,4383.8,162.4,0.03704548565171769
376,2021-11,Canada,31466.2,1274.9,0.04051649071066732
377,2021-11,Manitoba,1053.1999999999998,36.2,0.034371439422711744
378,2021-11,New Brunswick,654.0,34.7,0.053058103975535176
379,2021-11,Newfoundland and Labrador,445.7,27.9,0.06259816019744223
380,2021-11,Nova Scotia,826.5,44.9,0.054325468844525104
381,2021-11,Ontario,12399.2,537.6,0.04335763597651461
382,2021-11,Prince Edward Island,135.89999999999998,8.3,0.061074319352465066
383,2021-11,Quebec,7115.799999999999,207.3,0.029132353354506875
384,2021-11,Saskatchewan,890.0,32.7,0.03674157303370787
385,2021-12,Alberta,3568.1,173.2,0.04854124043608643
386,2021-12,British Columbia,4391.3,150.3,0.03422676656115501
387,2021-12,Canada,31510.1,1235.6999999999998,0.039215997410354135
388,2021-12,Manitoba,1054.1999999999998,36.099999999999994,0.034243976475052174
389,2021-12,New Brunswick,654.9000000000001,30.8,0.04703008092838601
390,2021-12,Newfoundland and Labrador,446.0,31.9,0.07152466367713003
391,2021-12,Nova Scotia,828.3,38.599999999999994,0.04660147289629361
392,2021-12,Ontario,12420.0,522.0,0.042028985507246375
393,2021-12,Prince Edward Island,136.4,7.8,0.05718475073313783
394,2021-12,Quebec,7119.799999999999,211.5,0.029705890614904917
395,2021-12,Saskatchewan,890.8,33.7,0.03783116299955097
396,2022-01,Alberta,3573.8999999999996,171.0,0.04784688995215312
397,2022-01,British Columbia,4396.3,146.4,0.033300730159452265
398,2022-01,Canada,31546.699999999997,1337.9,0.04241014115581028
399,2022-01,Manitoba,1055.7,34.2,0.03239556692242115
400,2022-01,New Brunswick,656.3,34.0,0.05180557671796435
401,2022-01,Newfoundland and Labrador,446.4,37.0,0.08288530465949821
402,2022-01,Nova Scotia,830.0,34.8,0.04192771084337349
403,2022-01,Ontario,12436.1,607.2,0.048825596449047534
404,2022-01,Prince Edward Island,136.8,9.0,0.06578947368421052
405,2022-01,Quebec,7123.5,230.7,0.03238576542429985
406,2022-01,Saskatchewan,891.8,33.8,0.03790087463556851
407,2022-02,Alberta,3580.2,161.4,0.045081280375398027
408,2022-02,British Columbia,4403.5,136.8,0.031066197343022597
409,2022-02,Canada,31588.8,1125.9,0.035642379577571805
410,2022-02,Manitoba,1057.1,31.7,0.029987702204143412
411,2022-02,New Brunswick,657.6,29.6,0.045012165450121655
412,2022-02,Newfoundland and Labrador,446.7,33.7,0.07544213118424
413,2022-02,Nova Scotia,831.7,32.7,0.03931706144042323
414,2022-02,Ontario,12454.900000000001,462.29999999999995,0.03711792146062994
415,2022-02,Prince Edward Island,137.2,8.8,0.06413994169096211
416,2022-02,Quebec,7126.9,200.6,0.028146880130210893
417,2022-02,Saskatchewan,893.0,28.200000000000003,0.031578947368421054
418,2022-03,Alberta,3586.6,155.7,0.04341158757597725
419,2022-03,British Columbia,4409.8,142.2,0.032246360379155514
420,2022-03,Canada,31626.9,1096.1999999999998,0.03466036823084146
421,2022-03,Manitoba,1058.8,33.2,0.031356252361163586
422,2022-03,New Brunswick,658.7,28.4,0.043115226962198265
423,2022-03,Newfoundland and Labrador,447.1,35.4,0.07917691791545514
424,2022-03,Nova Scotia,833.2,35.8,0.04296687469995199
425,2022-03,Ontario,12469.1,435.7,0.0349423775573217
426,2022-03,Prince Edward Island,137.60000000000002,7.9,0.05741279069767441
427,2022-03,Quebec,7131.7,191.4,0.026837920832340118
428,2022-03,Saskatchewan,894.2,30.6,0.034220532319391636
429,2022-04,Alberta,3593.3,153.9,0.042829710850750005
430,2022-04,British Columbia,4415.200000000001,139.3,0.03155009965573473
431,2022-04,Canada,31662.9,1095.7,0.034605168825344486
432,2022-04,Manitoba,1060.4,33.9,0.03196906827612221
433,2022-04,New Brunswick,659.7,25.6,0.03880551765954222
434,2022-04,Newfoundland and Labrador,447.20000000000005,30.4,0.06797853309481215
435,2022-04,Nova Scotia,834.5999999999999,31.3,0.037502995446920685
436,2022-04,Ontario,12482.099999999999,444.2,0.03558696052747535
437,2022-04,Prince Edward Island,138.1,7.3,0.05286024619840695
438,2022-04,Quebec,7136.7,196.2,0.027491697843541132
439,2022-04,Saskatchewan,895.7,33.4,0.03728927096125935
440,2022-05,Alberta,3601.7,145.10000000000002,0.04028653136019103
441,2022-05,British Columbia,4421.0,125.1,0.02829676543768378
442,2022-05,Canada,31705.699999999997,1075.5,0.033921345373229425
443,2022-05,Manitoba,1061.9,31.4,0.029569639325736884
444,2022-05,New Brunswick,661.3,27.9,0.04218962649327083
445,2022-05,Newfoundland and Labrador,447.7,27.0,0.060308242126423946
446,2022-05,Nova Scotia,836.8,35.5,0.04242351816443595
447,2022-05,Ontario,12495.5,447.4,0.035804889760313714
448,2022-05,Prince Edward Island,138.7,7.0,0.05046863734679164
449,2022-05,Quebec,7143.8,200.89999999999998,0.02812228785800274
450,2022-05,Saskatchewan,897.3,28.2,0.03142761618187897
451,2022-06,Alberta,3609.0,130.7,0.03621501801052923
452,2022-06,British Columbia,4426.2,134.39999999999998,0.03036464687542361
453,2022-06,Canada,31745.300000000003,1026.0,0.03231974497012156
454,2022-06,Manitoba,1063.1999999999998,28.2,0.026523702031602713
455,2022-06,New Brunswick,662.6,24.6,0.03712647147600362
456,2022-06,Newfoundland and Labrador,448.1,25.4,0.05668377594286989
457,2022-06,Nova Scotia,838.5999999999999,33.4,0.03982828523730027
458,2022-06,Ontario,12508.5,421.1,0.033665107726745816
459,2022-06,Prince Edward Island,139.2,5.5,0.039511494252873564
460,2022-06,Quebec,7151.1,199.2,0.02785585434408692
461,2022-06,Saskatchewan,898.8,23.5,0.026145972407654653
462,2022-07,Alberta,3616.8,125.0,0.034560937845609374
463,2022-07,British Columbia,4430.1,130.6,0.029480147175007333
464,2022-07,Canada,31782.4,1011.5,0.03182579037454692
465,2022-07,Manitoba,1064.3,27.9,0.026214413229352626
466,2022-07,New Brunswick,664.3,29.8,0.044859250338702396
467,2022-07,Newfoundland and Labrador,448.6,26.6,0.05929558626839055
468,2022-07,Nova Scotia,841.0,33.900000000000006,0.04030915576694412
469,2022-07,Ontario,12519.400000000001,416.5,0.03326836749364985
470,2022-07,Prince Edward Island,139.6,5.699999999999999,0.04083094555873925
471,2022-07,Quebec,7157.8,190.6,0.02662829360976836
472,2022-07,Saskatchewan,900.4,24.8,0.027543314082629944
473,2022-08,Alberta,3627.7,139.7,0.038509248284036714
474,2022-08,British Columbia,4435.1,130.6,0.029446912132759122
475,2022-08,Canada,31831.9,1103.8,0.03467590687329377
476,2022-08,Manitoba,1065.9,38.0,0.035650623885918
477,2022-08,New Brunswick,666.5999999999999,29.7,0.04455445544554456
478,2022-08,Newfoundland and Labrador,449.1,27.9,0.06212424849699398
479,2022-08,Nova Scotia,844.0,41.0,0.0485781990521327
480,2022-08,Ontario,12535.099999999999,461.0,0.03677673093952183
481,2022-08,Prince Edward Island,140.2,6.4,0.04564907275320971
482,2022-08,Quebec,7165.7,201.0,0.028050295156090824
483,2022-08,Saskatchewan,902.6,28.4,0.03146465765566142
484,2022-09,Alberta,3637.8,137.0,0.037660124250920884
485,2022-09,British Columbia,4438.3,124.3,0.02800621859721064
486,2022-09,Canada,31875.6,1073.2,0.03366838584999184
487,2022-09,Manitoba,1067.3000000000002,32.7,0.030638058652674972
488,2022-09,New Brunswick,668.5,27.1,0.04053851907255049
489,2022-09,Newfoundland and Labrador,449.6,25.9,0.057606761565836294
490,2022-09,Nova Scotia,846.2,32.6,0.03852517135428977
491,2022-09,Ontario,12549.8,455.9,0.03632727214776331
492,2022-09,Prince Edward Island,140.4,7.199999999999999,0.05128205128205127
493,2022-09,Quebec,7173.5,204.6,0.028521642155154386
494,2022-09,Saskatchewan,904.4000000000001,25.900000000000002,0.02863777089783282
495,2022-10,Alberta,3648.8,135.7,0.03719030914273185
496,2022-10,British Columbia,4442.799999999999,131.8,0.02966597641127218
497,2022-10,Canada,31927.0,1085.9,0.034011964794687884
498,2022-10,Manitoba,1069.1,33.9,0.0317089140398466
499,2022-10,New Brunswick,670.0,30.3,0.045223880597014925
500,2022-10,Newfoundland and Labrador,449.79999999999995,28.0,0.06224988883948422
501,2022-10,Nova Scotia,848.0999999999999,36.1,0.04256573517273907
502,2022-10,Ontario,12569.599999999999,466.6,0.03712130855397149
503,2022-10,Prince Edward Island,140.7,5.6,0.03980099502487562
504,2022-10,Quebec,7181.6,187.4,0.026094463629274815
505,2022-10,Saskatchewan,906.4,30.299999999999997,0.03342894969108561
506,2022-11,Alberta,3657.2,145.10000000000002,0.039675161325604294
507,2022-11,British Columbia,4444.7,126.0,0.0283483699687268
508,2022-11,Canada,31964.2,1068.2,0.03341863710025591
509,2022-11,Manitoba,1070.2,30.2,0.02821902448140534
510,2022-11,New Brunswick,671.4000000000001,29.200000000000003,0.04349121239201668
511,2022-11,Newfoundland and Labrador,450.20000000000005,27.200000000000003,0.060417592181252776
512,2022-11,Nova Scotia,849.0999999999999,29.8,0.03509598398304087
513,2022-11,Ontario,12585.099999999999,468.2,0.03720272385598843
514,2022-11,Prince Edward Island,140.8,6.6,0.04687499999999999
515,2022-11,Quebec,7187.5,178.9,0.024890434782608696
516,2022-11,Saskatchewan,908.1,27.2,0.029952648386741547
517,2022-12,Alberta,3666.3,143.3,0.039085726754493635
518,2022-12,British Columbia,4448.1,118.7,0.026685551134192124
519,2022-12,Canada,32007.3,1043.4,0.032598813395694114
520,2022-12,Manitoba,1071.6,30.9,0.02883538633818589
521,2022-12,New Brunswick,672.5,32.1,0.047732342007434946
522,2022-12,Newfoundland and Labrador,450.79999999999995,26.5,0.05878438331854482
523,2022-12,Nova Scotia,850.0999999999999,32.4,0.038113163157275615
524,2022-12,Ontario,12601.7,438.6,0.03480482792004253
525,2022-12,Prince Edward Island,141.1,5.1,0.03614457831325301
526,2022-12,Quebec,7195.2,188.6,0.02621191905714921
527,2022-12,Saskatchewan,910.0999999999999,26.9,0.02955719151741567
528,2023-01,Alberta,3678.5,155.9,0.04238140546418377
529,2023-01,British Columbia,4455.2,126.4,0.028371341353923506
530,2023-01,Canada,32070.300000000003,1046.0,0.03261584706098789
531,2023-01,Manitoba,1073.1999999999998,29.6,0.027581065970928072
532,2023-01,New Brunswick,674.3,30.799999999999997,0.045676998368678626
533,2023-01,Newfoundland and Labrador,451.3,31.4,0.06957677819632173
534,2023-01,Nova Scotia,851.8,26.5,0.03111058934022071
535,2023-01,Ontario,12628.2,426.6,0.03378153656103008
536,2023-01,Prince Edward Island,141.5,7.0,0.04946996466431095
537,2023-01,Quebec,7204.5,185.2,0.02570615587480047
538,2023-01,Saskatchewan,912.0,26.5,0.02905701754385965
539,2023-02,Alberta,3689.2,150.8,0.04087607069283314
540,2023-02,British Columbia,4463.4,148.3,0.033225791997132235
541,2023-02,Canada,32130.5,1066.4,0.03318964846485427
542,2023-02,Manitoba,1075.4,33.7,0.03133717686442254
543,2023-02,New Brunswick,675.7,26.0,0.03847861476986828
544,2023-02,Newfoundland and Labrador,452.1,26.3,0.058172970581729704
545,2023-02,Nova Scotia,853.5,30.200000000000003,0.03538371411833627
546,2023-02,Ontario,12653.9,423.6,0.03347584539153937
547,2023-02,Prince Edward Island,142.1,6.8,0.04785362420830401
548,2023-02,Quebec,7211.700000000001,194.3,0.026942329825145248
549,2023-02,Saskatchewan,913.7,26.4,0.02889350990478275
550,2023-03,Alberta,3703.1,148.4,0.040074532148740245
551,2023-03,British Columbia,4476.299999999999,131.5,0.029376940776980994
552,2023-03,Canada,32211.199999999997,1052.9,0.032687388237631634
553,2023-03,Manitoba,1079.0,34.099999999999994,0.03160333642261352
554,2023-03,New Brunswick,677.0999999999999,23.6,0.034854526657805356
555,2023-03,Newfoundland and Labrador,453.0,27.200000000000003,0.06004415011037528
556,2023-03,Nova Scotia,855.5,29.8,0.03483343074225599
557,2023-03,Ontario,12687.1,423.9,0.03341189081823269
558,2023-03,Prince Edward Island,142.60000000000002,6.2,0.04347826086956521
559,2023-03,Quebec,7221.299999999999,199.3,0.027598908783737004
560,2023-03,Saskatchewan,916.3,28.9,0.03153988868274583
561,2023-04,Alberta,3716.5,152.8,0.0411139512982645
562,2023-04,British Columbia,4488.2,145.89999999999998,0.03250746401675504
563,2023-04,Canada,32283.300000000003,1058.1,0.03277545975783144
564,2023-04,Manitoba,1081.8,35.0,0.032353484932519876
565,2023-04,New Brunswick,678.4000000000001,25.1,0.03699882075471698
566,2023-04,Newfoundland and Labrador,453.6,26.599999999999998,0.058641975308641965
567,2023-04,Nova Scotia,857.3,33.5,0.039076169368949025
568,2023-04,Ontario,12716.7,410.1,0.03224893250607469
569,2023-04,Prince Edward Island,143.3,6.8,0.04745289602233077
570,2023-04,Quebec,7228.9,193.0,0.02669839117984756
571,2023-04,Saskatchewan,918.5,29.599999999999998,0.032226456178551986
572,2023-05,Alberta,3732.7,146.5,0.03924772952554451
573,2023-05,British Columbia,4500.1,146.3,0.03251038865802982
574,2023-05,Canada,32365.8,1093.0,0.03377021423848631
575,2023-05,Manitoba,1084.2,34.8,0.03209739900387382
576,2023-05,New Brunswick,680.4,25.1,0.03689006466784245
577,2023-05,Newfoundland and Labrador,454.3,26.700000000000003,0.058771736737838434
578,2023-05,Nova Scotia,860.0999999999999,29.9,0.03476339960469713
579,2023-05,Ontario,12749.7,463.9,0.03638516984713366
580,2023-05,Prince Edward Island,144.0,7.0,0.04861111111111111
581,2023-05,Quebec,7239.5,186.2,0.025720008287865182
582,2023-05,Saskatchewan,920.5999999999999,26.8,0.029111449054964156
583,2023-06,Alberta,3748.3,149.0,0.039751353947122696
584,2023-06,British Columbia,4513.2,163.9,0.03631569618009395
585,2023-06,Canada,32449.4,1147.1,0.035350422503960005
586,2023-06,Manitoba,1087.1,31.6,0.029068163002483677
587,2023-06,New Brunswick,682.4000000000001,26.2,0.0383939038686987
588,2023-06,Newfoundland and Labrador,454.9,22.8,0.05012090569355903
589,2023-06,Nova Scotia,862.5999999999999,34.1,0.03953164850452122
590,2023-06,Ontario,12784.400000000001,476.8,0.03729545383436062
591,2023-06,Prince Edward Island,144.5,7.7,0.053287197231833915
592,2023-06,Quebec,7248.9,205.9,0.02840430961939053
593,2023-06,Saskatchewan,922.9000000000001,29.200000000000003,0.03163939755119731
