<?xml version="1.0" encoding="UTF-8"?>
<mes:Structure xmlns:mes="http://www.sdmx.org/resources/sdmxml/schemas/v2_1/message" xmlns:str="http://www.sdmx.org/resources/sdmxml/schemas/v2_1/structure" xmlns:com="http://www.sdmx.org/resources/sdmxml/schemas/v2_1/common">
  <mes:Header>
    <mes:ID>h1</mes:ID>
    <mes:Test>false</mes:Test>
    <mes:Prepared>2023-07-07T05:12:56.997Z</mes:Prepared>
    <mes:Sender id="StatCan"/>
    <mes:Receiver id="Public"/>
  </mes:Header>
  <mes:Structures>
    <str:OrganisationSchemes>
      <str:AgencyScheme id="AGENCIES" urn="urn:sdmx:org.sdmx.infomodel.base.AgencyScheme=SDMX:AGENCIES(1.0)" agencyID="SDMX" version="1.0">
        <com:Name xml:lang="en">SDMX Agency Scheme</com:Name>
        <str:Agency id="SDMX" urn="urn:sdmx:org.sdmx.infomodel.base.Agency=SDMX">
          <com:Name xml:lang="en">SDMX</com:Name>
        </str:Agency>
        <str:Agency id="StatCan" urn="urn:sdmx:org.sdmx.infomodel.base.Agency=StatCan">
          <com:Name xml:lang="en">Statistics Canada</com:Name>
          <com:Name xml:lang="fr">Statistique Canada</com:Name>
        </str:Agency>
      </str:AgencyScheme>
    </str:OrganisationSchemes>
    <str:Dataflows>
      <str:Dataflow id="DF_14100287" urn="urn:sdmx:org.sdmx.infomodel.datastructure.Dataflow=StatCan:DF_14100287(1.0)" agencyID="StatCan" version="1.0">
        <com:Name xml:lang="en">Labour force characteristics, monthly, seasonally adjusted and trend-cycle, last 5 months</com:Name>
        <com:Name xml:lang="fr">Caractéristiques de la population active, données mensuelles désaisonnalisées et la tendance-cycle, 5 derniers mois</com:Name>
        <str:Structure>
          <Ref id="Data_Structure_14100287" version="1.0" agencyID="StatCan" package="datastructure" class="DataStructure"/>
        </str:Structure>
      </str:Dataflow>
    </str:Dataflows>
    <str:Codelists>
      <str:Codelist id="CL_Age_group" urn="urn:sdmx:org.sdmx.infomodel.codelist.Codelist=StatCan:CL_Age_group(1.0)" agencyID="StatCan" version="1.0">
        <com:Name xml:lang="en">Age group</com:Name>
        <com:Name xml:lang="fr">Groupe d'âge</com:Name>
        <str:Code id="1" urn="urn:sdmx:org.sdmx.infomodel.codelist.Code=StatCan:CL_Age_group(1.0).1">
          <com:Name xml:lang="en">15 years and over</com:Name>
          <com:Name xml:lang="fr">15 ans et plus</com:Name>
        </str:Code>
        <str:Code id="2" urn="urn:sdmx:org.sdmx.infomodel.codelist.Code=StatCan:CL_Age_group(1.0).2">
          <com:Name xml:lang="en">15 to 24 years</com:Name>
          <com:Name xml:lang="fr">15 à 24 ans</com:Name>
        </str:Code>
        <str:Code id="3" urn="urn:sdmx:org.sdmx.infomodel.codelist.Code=StatCan:CL_Age_group(1.0).3">
          <com:Name xml:lang="en">15 to 19 years</com:Name>
          <com:Name xml:lang="fr">15 à 19 ans</com:Name>
        </str:Code>
        <str:Code id="4" urn="urn:sdmx:org.sdmx.infomodel.codelist.Code=StatCan:CL_Age_group(1.0).4">
          <com:Name xml:lang="en">20 to 24 years</com:Name>
          <com:Name xml:lang="fr">20 à 24 ans</com:Name>
        </str:Code>
        <str:Code id="5" urn="urn:sdmx:org.sdmx.infomodel.codelist.Code=StatCan:CL_Age_group(1.0).5">
          <com:Name xml:lang="en">25 years and over</com:Name>
          <com:Name xml:lang="fr">25 ans et plus</com:Name>
        </str:Code>
        <str:Code id="6" urn="urn:sdmx:org.sdmx.infomodel.codelist.Code=StatCan:CL_Age_group(1.0).6">
          <com:Name xml:lang="en">25 to 54 years</com:Name>
          <com:Name xml:lang="fr">25 à 54 ans</com:Name>
        </str:Code>
        <str:Code id="7" urn="urn:sdmx:org.sdmx.infomodel.codelist.Code=StatCan:CL_Age_group(1.0).7">
          <com:Name xml:lang="en">55 years and over</com:Name>
          <com:Name xml:lang="fr">55 ans et plus</com:Name>
        </str:Code>
        <str:Code id="8" urn="urn:sdmx:org.sdmx.infomodel.codelist.Code=StatCan:CL_Age_group(1.0).8">
          <com:Name xml:lang="en">15 to 64 years</com:Name>
          <com:Name xml:lang="fr">15 à 64 ans</com:Name>
        </str:Code>
        <str:Code id="9" urn="urn:sdmx:org.sdmx.infomodel.codelist.Code=StatCan:CL_Age_group(1.0).9">
          <com:Name xml:lang="en">55 to 64 years</com:Name>
          <com:Name xml:lang="fr">55 à 64 ans</com:Name>
        </str:Code>
      </str:Codelist>
      <str:Codelist id="CL_DGUID" urn="urn:sdmx:org.sdmx.infomodel.codelist.Codelist=StatCan:CL_DGUID(1.0)" agencyID="StatCan" version="1.0">
        <com:Name xml:lang="en">DGUID</com:Name>
        <com:Name xml:lang="fr">DGUID</com:Name>
        <str:Code id="2016A000210" urn="urn:sdmx:org.sdmx.infomodel.codelist.Code=StatCan:CL_DGUID(1.0).2016A000210">
          <com:Name xml:lang="en">2016A000210</com:Name>
          <com:Name xml:lang="fr">2016A000210</com:Name>
        </str:Code>
        <str:Code id="2016A000211" urn="urn:sdmx:org.sdmx.infomodel.codelist.Code=StatCan:CL_DGUID(1.0).2016A000211">
          <com:Name xml:lang="en">2016A000211</com:Name>
          <com:Name xml:lang="fr">2016A000211</com:Name>
        </str:Code>
        <str:Code id="2016A000212" urn="urn:sdmx:org.sdmx.infomodel.codelist.Code=StatCan:CL_DGUID(1.0).2016A000212">
          <com:Name xml:lang="en">2016A000212</com:Name>
          <com:Name xml:lang="fr">2016A000212</com:Name>
        </str:Code>
        <str:Code id="2016A000213" urn="urn:sdmx:org.sdmx.infomodel.codelist.Code=StatCan:CL_DGUID(1.0).2016A000213">
          <com:Name xml:lang="en">2016A000213</com:Name>
          <com:Name xml:lang="fr">2016A000213</com:Name>
        </str:Code>
        <str:Code id="2016A000224" urn="urn:sdmx:org.sdmx.infomodel.codelist.Code=StatCan:CL_DGUID(1.0).2016A000224">
          <com:Name xml:lang="en">2016A000224</com:Name>
          <com:Name xml:lang="fr">2016A000224</com:Name>
        </str:Code>
        <str:Code id="2016A000235" urn="urn:sdmx:org.sdmx.infomodel.codelist.Code=StatCan:CL_DGUID(1.0).2016A000235">
          <com:Name xml:lang="en">2016A000235</com:Name>
          <com:Name xml:lang="fr">2016A000235</com:Name>
        </str:Code>
        <str:Code id="2016A000246" urn="urn:sdmx:org.sdmx.infomodel.codelist.Code=StatCan:CL_DGUID(1.0).2016A000246">
          <com:Name xml:lang="en">2016A000246</com:Name>
          <com:Name xml:lang="fr">2016A000246</com:Name>
        </str:Code>
        <str:Code id="2016A000247" urn="urn:sdmx:org.sdmx.infomodel.codelist.Code=StatCan:CL_DGUID(1.0).2016A000247">
          <com:Name xml:lang="en">2016A000247</com:Name>
          <com:Name xml:lang="fr">2016A000247</com:Name>
        </str:Code>
        <str:Code id="2016A000248" urn="urn:sdmx:org.sdmx.infomodel.codelist.Code=StatCan:CL_DGUID(1.0).2016A000248">
          <com:Name xml:lang="en">2016A000248</com:Name>
          <com:Name xml:lang="fr">2016A000248</com:Name>
        </str:Code>
        <str:Code id="2016A000259" urn="urn:sdmx:org.sdmx.infomodel.codelist.Code=StatCan:CL_DGUID(1.0).2016A000259">
          <com:Name xml:lang="en">2016A000259</com:Name>
          <com:Name xml:lang="fr">2016A000259</com:Name>
        </str:Code>
        <str:Code id="2016A000011124" urn="urn:sdmx:org.sdmx.infomodel.codelist.Code=StatCan:CL_DGUID(1.0).2016A000011124">
          <com:Name xml:lang="en">2016A000011124</com:Name>
          <com:Name xml:lang="fr">2016A000011124</com:Name>
        </str:Code>
      </str:Codelist>
      <str:Codelist id="CL_Data_type" urn="urn:sdmx:org.sdmx.infomodel.codelist.Codelist=StatCan:CL_Data_type(1.0)" agencyID="StatCan" version="1.0">
        <com:Name xml:lang="en">Data type</com:Name>
        <com:Name xml:lang="fr">Type de données</com:Name>
        <str:Code id="1" urn="urn:sdmx:org.sdmx.infomodel.codelist.Code=StatCan:CL_Data_type(1.0).1">
          <com:Name xml:lang="en">Seasonally adjusted</com:Name>
          <com:Name xml:lang="fr">Désaisonnalisées</com:Name>
        </str:Code>
        <str:Code id="2" urn="urn:sdmx:org.sdmx.infomodel.codelist.Code=StatCan:CL_Data_type(1.0).2">
          <com:Name xml:lang="en">Unadjusted</com:Name>
          <com:Name xml:lang="fr">Non désaisonnalisées</com:Name>
        </str:Code>
        <str:Code id="3" urn="urn:sdmx:org.sdmx.infomodel.codelist.Code=StatCan:CL_Data_type(1.0).3">
          <com:Annotations>
            <com:Annotation>
              <com:AnnotationTitle>Footnote_15</com:AnnotationTitle>
              <com:AnnotationType>FootnoteId</com:AnnotationType>
            </com:Annotation>
          </com:Annotations>
          <com:Name xml:lang="en">Trend-cycle</com:Name>
          <com:Name xml:lang="fr">Tendance-cycle</com:Name>
        </str:Code>
      </str:Codelist>
      <str:Codelist id="CL_Geography" urn="urn:sdmx:org.sdmx.infomodel.codelist.Codelist=StatCan:CL_Geography(1.0)" agencyID="StatCan" version="1.0">
        <com:Annotations>
          <com:Annotation>
            <com:AnnotationTitle>Footnote_19</com:AnnotationTitle>
            <com:AnnotationType>FootnoteId</com:AnnotationType>
          </com:Annotation>
        </com:Annotations>
        <com:Name xml:lang="en">Geography</com:Name>
        <com:Name xml:lang="fr">Géographie</com:Name>
        <str:Code id="2" urn="urn:sdmx:org.sdmx.infomodel.codelist.Code=StatCan:CL_Geography(1.0).2">
          <com:Name xml:lang="en">Newfoundland and Labrador</com:Name>
          <com:Name xml:lang="fr">Terre-Neuve-et-Labrador</com:Name>
          <str:Parent>
            <Ref id="1"/>
          </str:Parent>
        </str:Code>
        <str:Code id="3" urn="urn:sdmx:org.sdmx.infomodel.codelist.Code=StatCan:CL_Geography(1.0).3">
          <com:Name xml:lang="en">Prince Edward Island</com:Name>
          <com:Name xml:lang="fr">Île-du-Prince-Édouard</com:Name>
          <str:Parent>
            <Ref id="1"/>
          </str:Parent>
        </str:Code>
        <str:Code id="4" urn="urn:sdmx:org.sdmx.infomodel.codelist.Code=StatCan:CL_Geography(1.0).4">
          <com:Name xml:lang="en">Nova Scotia</com:Name>
          <com:Name xml:lang="fr">Nouvelle-Écosse</com:Name>
          <str:Parent>
            <Ref id="1"/>
          </str:Parent>
        </str:Code>
        <str:Code id="5" urn="urn:sdmx:org.sdmx.infomodel.codelist.Code=StatCan:CL_Geography(1.0).5">
          <com:Name xml:lang="en">New Brunswick</com:Name>
          <com:Name xml:lang="fr">Nouveau-Brunswick</com:Name>
          <str:Parent>
            <Ref id="1"/>
          </str:Parent>
        </str:Code>
        <str:Code id="6" urn="urn:sdmx:org.sdmx.infomodel.codelist.Code=StatCan:CL_Geography(1.0).6">
          <com:Name xml:lang="en">Quebec</com:Name>
          <com:Name xml:lang="fr">Québec</com:Name>
          <str:Parent>
            <Ref id="1"/>
          </str:Parent>
        </str:Code>
        <str:Code id="7" urn="urn:sdmx:org.sdmx.infomodel.codelist.Code=StatCan:CL_Geography(1.0).7">
          <com:Name xml:lang="en">Ontario</com:Name>
          <com:Name xml:lang="fr">Ontario</com:Name>
          <str:Parent>
            <Ref id="1"/>
          </str:Parent>
        </str:Code>
        <str:Code id="8" urn="urn:sdmx:org.sdmx.infomodel.codelist.Code=StatCan:CL_Geography(1.0).8">
          <com:Name xml:lang="en">Manitoba</com:Name>
          <com:Name xml:lang="fr">Manitoba</com:Name>
          <str:Parent>
            <Ref id="1"/>
          </str:Parent>
        </str:Code>
        <str:Code id="9" urn="urn:sdmx:org.sdmx.infomodel.codelist.Code=StatCan:CL_Geography(1.0).9">
          <com:Name xml:lang="en">Saskatchewan</com:Name>
          <com:Name xml:lang="fr">Saskatchewan</com:Name>
          <str:Parent>
            <Ref id="1"/>
          </str:Parent>
        </str:Code>
        <str:Code id="10" urn="urn:sdmx:org.sdmx.infomodel.codelist.Code=StatCan:CL_Geography(1.0).10">
          <com:Name xml:lang="en">Alberta</com:Name>
          <com:Name xml:lang="fr">Alberta</com:Name>
          <str:Parent>
            <Ref id="1"/>
          </str:Parent>
        </str:Code>
        <str:Code id="11" urn="urn:sdmx:org.sdmx.infomodel.codelist.Code=StatCan:CL_Geography(1.0).11">
          <com:Name xml:lang="en">British Columbia</com:Name>
          <com:Name xml:lang="fr">Colombie-Britannique</com:Name>
          <str:Parent>
            <Ref id="1"/>
          </str:Parent>
        </str:Code>
        <str:Code id="1" urn="urn:sdmx:org.sdmx.infomodel.codelist.Code=StatCan:CL_Geography(1.0).1">
          <com:Name xml:lang="en">Canada</com:Name>
          <com:Name xml:lang="fr">Canada</com:Name>
        </str:Code>
      </str:Codelist>
      <str:Codelist id="CL_Labour_force_characteristics" urn="urn:sdmx:org.sdmx.infomodel.codelist.Codelist=StatCan:CL_Labour_force_characteristics(1.0)" agencyID="StatCan" version="1.0">
        <com:Name xml:lang="en">Labour force characteristics</com:Name>
        <com:Name xml:lang="fr">Caractéristiques de la population active</com:Name>
        <str:Code id="2" urn="urn:sdmx:org.sdmx.infomodel.codelist.Code=StatCan:CL_Labour_force_characteristics(1.0).2">
          <com:Annotations>
            <com:Annotation>
              <com:AnnotationTitle>Footnote_3</com:AnnotationTitle>
              <com:AnnotationType>FootnoteId</com:AnnotationType>
            </com:Annotation>
          </com:Annotations>
          <com:Name xml:lang="en">Labour force</com:Name>
          <com:Name xml:lang="fr">Population active</com:Name>
          <str:Parent>
            <Ref id="1"/>
          </str:Parent>
        </str:Code>
        <str:Code id="3" urn="urn:sdmx:org.sdmx.infomodel.codelist.Code=StatCan:CL_Labour_force_characteristics(1.0).3">
          <com:Annotations>
            <com:Annotation>
              <com:AnnotationTitle>Footnote_4</com:AnnotationTitle>
              <com:AnnotationType>FootnoteId</com:AnnotationType>
            </com:Annotation>
          </com:Annotations>
          <com:Name xml:lang="en">Employment</com:Name>
          <com:Name xml:lang="fr">Emploi</com:Name>
          <str:Parent>
            <Ref id="2"/>
          </str:Parent>
        </str:Code>
        <str:Code id="6" urn="urn:sdmx:org.sdmx.infomodel.codelist.Code=StatCan:CL_Labour_force_characteristics(1.0).6">
          <com:Annotations>
            <com:Annotation>
              <com:AnnotationTitle>Footnote_7</com:AnnotationTitle>
              <com:AnnotationType>FootnoteId</com:AnnotationType>
            </com:Annotation>
          </com:Annotations>
          <com:Name xml:lang="en">Unemployment</com:Name>
          <com:Name xml:lang="fr">Chômage</com:Name>
          <str:Parent>
            <Ref id="2"/>
          </str:Parent>
        </str:Code>
        <str:Code id="4" urn="urn:sdmx:org.sdmx.infomodel.codelist.Code=StatCan:CL_Labour_force_characteristics(1.0).4">
          <com:Annotations>
            <com:Annotation>
              <com:AnnotationTitle>Footnote_5</com:AnnotationTitle>
              <com:AnnotationType>FootnoteId</com:AnnotationType>
            </com:Annotation>
          </com:Annotations>
          <com:Name xml:lang="en">Full-time employment</com:Name>
          <com:Name xml:lang="fr">Emploi à temps plein</com:Name>
          <str:Parent>
            <Ref id="3"/>
          </str:Parent>
        </str:Code>
        <str:Code id="5" urn="urn:sdmx:org.sdmx.infomodel.codelist.Code=StatCan:CL_Labour_force_characteristics(1.0).5">
          <com:Annotations>
            <com:Annotation>
              <com:AnnotationTitle>Footnote_6</com:AnnotationTitle>
              <com:AnnotationType>FootnoteId</com:AnnotationType>
            </com:Annotation>
          </com:Annotations>
          <com:Name xml:lang="en">Part-time employment</com:Name>
          <com:Name xml:lang="fr">Emploi à temps partiel</com:Name>
          <str:Parent>
            <Ref id="3"/>
          </str:Parent>
        </str:Code>
        <str:Code id="1" urn="urn:sdmx:org.sdmx.infomodel.codelist.Code=StatCan:CL_Labour_force_characteristics(1.0).1">
          <com:Annotations>
            <com:Annotation>
              <com:AnnotationTitle>Footnote_2</com:AnnotationTitle>
              <com:AnnotationType>FootnoteId</com:AnnotationType>
            </com:Annotation>
            <com:Annotation>
              <com:AnnotationTitle>Footnote_14</com:AnnotationTitle>
              <com:AnnotationType>FootnoteId</com:AnnotationType>
            </com:Annotation>
          </com:Annotations>
          <com:Name xml:lang="en">Population</com:Name>
          <com:Name xml:lang="fr">Population</com:Name>
        </str:Code>
        <str:Code id="7" urn="urn:sdmx:org.sdmx.infomodel.codelist.Code=StatCan:CL_Labour_force_characteristics(1.0).7">
          <com:Annotations>
            <com:Annotation>
              <com:AnnotationTitle>Footnote_8</com:AnnotationTitle>
              <com:AnnotationType>FootnoteId</com:AnnotationType>
            </com:Annotation>
          </com:Annotations>
          <com:Name xml:lang="en">Unemployment rate</com:Name>
          <com:Name xml:lang="fr">Taux de chômage</com:Name>
        </str:Code>
        <str:Code id="8" urn="urn:sdmx:org.sdmx.infomodel.codelist.Code=StatCan:CL_Labour_force_characteristics(1.0).8">
          <com:Annotations>
            <com:Annotation>
              <com:AnnotationTitle>Footnote_9</com:AnnotationTitle>
              <com:AnnotationType>FootnoteId</com:AnnotationType>
            </com:Annotation>
          </com:Annotations>
          <com:Name xml:lang="en">Participation rate</com:Name>
          <com:Name xml:lang="fr">Taux d'activité</com:Name>
        </str:Code>
        <str:Code id="9" urn="urn:sdmx:org.sdmx.infomodel.codelist.Code=StatCan:CL_Labour_force_characteristics(1.0).9">
          <com:Annotations>
            <com:Annotation>
              <com:AnnotationTitle>Footnote_10</com:AnnotationTitle>
              <com:AnnotationType>FootnoteId</com:AnnotationType>
            </com:Annotation>
          </com:Annotations>
          <com:Name xml:lang="en">Employment rate</com:Name>
          <com:Name xml:lang="fr">Taux d'emploi</com:Name>
        </str:Code>
      </str:Codelist>
      <str:Codelist id="CL_SCALAR_FACTOR" urn="urn:sdmx:org.sdmx.infomodel.codelist.Codelist=StatCan:CL_SCALAR_FACTOR(1.0)" agencyID="StatCan" version="1.0">
        <com:Name xml:lang="en">Scalar Factor</com:Name>
        <com:Name xml:lang="fr">Facteur scalaire</com:Name>
        <str:Code id="0" urn="urn:sdmx:org.sdmx.infomodel.codelist.Code=StatCan:CL_SCALAR_FACTOR(1.0).0">
          <com:Name xml:lang="en">units</com:Name>
          <com:Name xml:lang="fr">unités</com:Name>
        </str:Code>
        <str:Code id="1" urn="urn:sdmx:org.sdmx.infomodel.codelist.Code=StatCan:CL_SCALAR_FACTOR(1.0).1">
          <com:Name xml:lang="en">tens</com:Name>
          <com:Name xml:lang="fr">dizaines</com:Name>
        </str:Code>
        <str:Code id="2" urn="urn:sdmx:org.sdmx.infomodel.codelist.Code=StatCan:CL_SCALAR_FACTOR(1.0).2">
          <com:Name xml:lang="en">hundreds</com:Name>
          <com:Name xml:lang="fr">centaines</com:Name>
        </str:Code>
        <str:Code id="3" urn="urn:sdmx:org.sdmx.infomodel.codelist.Code=StatCan:CL_SCALAR_FACTOR(1.0).3">
          <com:Name xml:lang="en">thousands</com:Name>
          <com:Name xml:lang="fr">milliers</com:Name>
        </str:Code>
        <str:Code id="4" urn="urn:sdmx:org.sdmx.infomodel.codelist.Code=StatCan:CL_SCALAR_FACTOR(1.0).4">
          <com:Name xml:lang="en">tens of thousands</com:Name>
          <com:Name xml:lang="fr">dizaines de milliers</com:Name>
        </str:Code>
        <str:Code id="5" urn="urn:sdmx:org.sdmx.infomodel.codelist.Code=StatCan:CL_SCALAR_FACTOR(1.0).5">
          <com:Name xml:lang="en">hundreds of thousands</com:Name>
          <com:Name xml:lang="fr">centaines de milliers</com:Name>
        </str:Code>
        <str:Code id="6" urn="urn:sdmx:org.sdmx.infomodel.codelist.Code=StatCan:CL_SCALAR_FACTOR(1.0).6">
          <com:Name xml:lang="en">millions</com:Name>
          <com:Name xml:lang="fr">millions</com:Name>
        </str:Code>
        <str:Code id="7" urn="urn:sdmx:org.sdmx.infomodel.codelist.Code=StatCan:CL_SCALAR_FACTOR(1.0).7">
          <com:Name xml:lang="en">tens of millions</com:Name>
          <com:Name xml:lang="fr">dizaines de millions</com:Name>
        </str:Code>
        <str:Code id="8" urn="urn:sdmx:org.sdmx.infomodel.codelist.Code=StatCan:CL_SCALAR_FACTOR(1.0).8">
          <com:Name xml:lang="en">hundreds of millions</com:Name>
          <com:Name xml:lang="fr">centaines de millions</com:Name>
        </str:Code>
        <str:Code id="9" urn="urn:sdmx:org.sdmx.infomodel.codelist.Code=StatCan:CL_SCALAR_FACTOR(1.0).9">
          <com:Name xml:lang="en">billions</com:Name>
          <com:Name xml:lang="fr">milliards</com:Name>
        </str:Code>
      </str:Codelist>
      <str:Codelist id="CL_SECURITY_LEVEL" urn="urn:sdmx:org.sdmx.infomodel.codelist.Codelist=StatCan:CL_SECURITY_LEVEL(1.0)" agencyID="StatCan" version="1.0">
        <com:Name xml:lang="en">Security Level</com:Name>
        <com:Name xml:lang="fr">Niveau de sécurité</com:Name>
        <str:Code id="0" urn="urn:sdmx:org.sdmx.infomodel.codelist.Code=StatCan:CL_SECURITY_LEVEL(1.0).0">
          <com:Name xml:lang="en">0 = public</com:Name>
          <com:Name xml:lang="fr">0 = public</com:Name>
        </str:Code>
        <str:Code id="1" urn="urn:sdmx:org.sdmx.infomodel.codelist.Code=StatCan:CL_SECURITY_LEVEL(1.0).1">
          <com:Name xml:lang="en">x = suppressed to meet the confidentiality requirements of the Statistics Act</com:Name>
          <com:Name xml:lang="fr">x = confidentiel en vertu des dispositions de la Loi sur la statistique</com:Name>
        </str:Code>
      </str:Codelist>
      <str:Codelist id="CL_STATUS_CAN" urn="urn:sdmx:org.sdmx.infomodel.codelist.Codelist=StatCan:CL_STATUS_CAN(1.0)" agencyID="StatCan" version="1.0">
        <com:Name xml:lang="en">Status</com:Name>
        <com:Name xml:lang="fr">Statut</com:Name>
        <str:Code id="0" urn="urn:sdmx:org.sdmx.infomodel.codelist.Code=StatCan:CL_STATUS_CAN(1.0).0">
          <com:Name xml:lang="en">0 = normal</com:Name>
          <com:Name xml:lang="fr">0 = normal</com:Name>
        </str:Code>
        <str:Code id="1" urn="urn:sdmx:org.sdmx.infomodel.codelist.Code=StatCan:CL_STATUS_CAN(1.0).1">
          <com:Name xml:lang="en">.. = not available for a specific reference period</com:Name>
          <com:Name xml:lang="fr">.. = indisponible pour une période de référence précise</com:Name>
        </str:Code>
        <str:Code id="2" urn="urn:sdmx:org.sdmx.infomodel.codelist.Code=StatCan:CL_STATUS_CAN(1.0).2">
          <com:Name xml:lang="en">0s = value rounded to 0 (zero) where there is a meaningful distinction between true zero and the value that was rounded</com:Name>
          <com:Name xml:lang="fr">0s = valeur arrondie à 0 (zéro) là où il y a une distinction importante entre le zéro absolu et la valeur arrondie</com:Name>
        </str:Code>
        <str:Code id="3" urn="urn:sdmx:org.sdmx.infomodel.codelist.Code=StatCan:CL_STATUS_CAN(1.0).3">
          <com:Name xml:lang="en">A = data quality: excellent</com:Name>
          <com:Name xml:lang="fr">A = qualité des données : excellente</com:Name>
        </str:Code>
        <str:Code id="4" urn="urn:sdmx:org.sdmx.infomodel.codelist.Code=StatCan:CL_STATUS_CAN(1.0).4">
          <com:Name xml:lang="en">B = data quality: very good</com:Name>
          <com:Name xml:lang="fr">B = qualité des données : très bonne</com:Name>
        </str:Code>
        <str:Code id="5" urn="urn:sdmx:org.sdmx.infomodel.codelist.Code=StatCan:CL_STATUS_CAN(1.0).5">
          <com:Name xml:lang="en">C = data quality: good</com:Name>
          <com:Name xml:lang="fr">C = qualité des données : bonne</com:Name>
        </str:Code>
        <str:Code id="6" urn="urn:sdmx:org.sdmx.infomodel.codelist.Code=StatCan:CL_STATUS_CAN(1.0).6">
          <com:Name xml:lang="en">D = data quality: acceptable</com:Name>
          <com:Name xml:lang="fr">D = qualité des données : acceptable</com:Name>
        </str:Code>
        <str:Code id="7" urn="urn:sdmx:org.sdmx.infomodel.codelist.Code=StatCan:CL_STATUS_CAN(1.0).7">
          <com:Name xml:lang="en">E = use with caution</com:Name>
          <com:Name xml:lang="fr">E = à utiliser avec prudence</com:Name>
        </str:Code>
        <str:Code id="8" urn="urn:sdmx:org.sdmx.infomodel.codelist.Code=StatCan:CL_STATUS_CAN(1.0).8">
          <com:Name xml:lang="en">F = too unreliable to be published</com:Name>
          <com:Name xml:lang="fr">F = trop peu fiable pour être publié</com:Name>
        </str:Code>
        <str:Code id="9" urn="urn:sdmx:org.sdmx.infomodel.codelist.Code=StatCan:CL_STATUS_CAN(1.0).9">
          <com:Name xml:lang="en">... = not applicable</com:Name>
          <com:Name xml:lang="fr">... = n'ayant pas lieu de figurer</com:Name>
        </str:Code>
        <str:Code id="10" urn="urn:sdmx:org.sdmx.infomodel.codelist.Code=StatCan:CL_STATUS_CAN(1.0).10">
          <com:Name xml:lang="en">&lt;LOD = less than the limit of detection</com:Name>
          <com:Name xml:lang="fr">&lt;LOD = inférieur à la limite de détection</com:Name>
        </str:Code>
      </str:Codelist>
      <str:Codelist id="CL_SYMBOL" urn="urn:sdmx:org.sdmx.infomodel.codelist.Codelist=StatCan:CL_SYMBOL(1.0)" agencyID="StatCan" version="1.0">
        <com:Name xml:lang="en">Symbol</com:Name>
        <com:Name xml:lang="fr">Symbole</com:Name>
        <str:Code id="0" urn="urn:sdmx:org.sdmx.infomodel.codelist.Code=StatCan:CL_SYMBOL(1.0).0">
          <com:Name xml:lang="en">0 = none</com:Name>
          <com:Name xml:lang="fr">0 = aucun</com:Name>
        </str:Code>
        <str:Code id="1" urn="urn:sdmx:org.sdmx.infomodel.codelist.Code=StatCan:CL_SYMBOL(1.0).1">
          <com:Name xml:lang="en">p = preliminary</com:Name>
          <com:Name xml:lang="fr">p = provisoire</com:Name>
        </str:Code>
        <str:Code id="3" urn="urn:sdmx:org.sdmx.infomodel.codelist.Code=StatCan:CL_SYMBOL(1.0).3">
          <com:Name xml:lang="en">r = revised</com:Name>
          <com:Name xml:lang="fr">r = révisé</com:Name>
        </str:Code>
      </str:Codelist>
      <str:Codelist id="CL_Sex" urn="urn:sdmx:org.sdmx.infomodel.codelist.Codelist=StatCan:CL_Sex(1.0)" agencyID="StatCan" version="1.0">
        <com:Name xml:lang="en">Sex</com:Name>
        <com:Name xml:lang="fr">Sexe</com:Name>
        <str:Code id="2" urn="urn:sdmx:org.sdmx.infomodel.codelist.Code=StatCan:CL_Sex(1.0).2">
          <com:Name xml:lang="en">Males</com:Name>
          <com:Name xml:lang="fr">Hommes</com:Name>
          <str:Parent>
            <Ref id="1"/>
          </str:Parent>
        </str:Code>
        <str:Code id="3" urn="urn:sdmx:org.sdmx.infomodel.codelist.Code=StatCan:CL_Sex(1.0).3">
          <com:Name xml:lang="en">Females</com:Name>
          <com:Name xml:lang="fr">Femmes</com:Name>
          <str:Parent>
            <Ref id="1"/>
          </str:Parent>
        </str:Code>
        <str:Code id="1" urn="urn:sdmx:org.sdmx.infomodel.codelist.Code=StatCan:CL_Sex(1.0).1">
          <com:Name xml:lang="en">Both sexes</com:Name>
          <com:Name xml:lang="fr">Les deux sexes</com:Name>
        </str:Code>
      </str:Codelist>
      <str:Codelist id="CL_Statistics" urn="urn:sdmx:org.sdmx.infomodel.codelist.Codelist=StatCan:CL_Statistics(1.0)" agencyID="StatCan" version="1.0">
        <com:Name xml:lang="en">Statistics</com:Name>
        <com:Name xml:lang="fr">Statistiques</com:Name>
        <str:Code id="1" urn="urn:sdmx:org.sdmx.infomodel.codelist.Code=StatCan:CL_Statistics(1.0).1">
          <com:Name xml:lang="en">Estimate</com:Name>
          <com:Name xml:lang="fr">Estimation</com:Name>
        </str:Code>
        <str:Code id="2" urn="urn:sdmx:org.sdmx.infomodel.codelist.Code=StatCan:CL_Statistics(1.0).2">
          <com:Annotations>
            <com:Annotation>
              <com:AnnotationTitle>Footnote_16</com:AnnotationTitle>
              <com:AnnotationType>FootnoteId</com:AnnotationType>
            </com:Annotation>
          </com:Annotations>
          <com:Name xml:lang="en">Standard error of estimate</com:Name>
          <com:Name xml:lang="fr">Erreur-type de l'estimation</com:Name>
        </str:Code>
        <str:Code id="3" urn="urn:sdmx:org.sdmx.infomodel.codelist.Code=StatCan:CL_Statistics(1.0).3">
          <com:Annotations>
            <com:Annotation>
              <com:AnnotationTitle>Footnote_17</com:AnnotationTitle>
              <com:AnnotationType>FootnoteId</com:AnnotationType>
            </com:Annotation>
          </com:Annotations>
          <com:Name xml:lang="en">Standard error of month-to-month change</com:Name>
          <com:Name xml:lang="fr">Erreur-type du changement mensuel</com:Name>
        </str:Code>
        <str:Code id="4" urn="urn:sdmx:org.sdmx.infomodel.codelist.Code=StatCan:CL_Statistics(1.0).4">
          <com:Annotations>
            <com:Annotation>
              <com:AnnotationTitle>Footnote_18</com:AnnotationTitle>
              <com:AnnotationType>FootnoteId</com:AnnotationType>
            </com:Annotation>
          </com:Annotations>
          <com:Name xml:lang="en">Standard error of year-over-year change</com:Name>
          <com:Name xml:lang="fr">Erreur-type du changement annuel</com:Name>
        </str:Code>
      </str:Codelist>
      <str:Codelist id="CL_TERMINATED" urn="urn:sdmx:org.sdmx.infomodel.codelist.Codelist=StatCan:CL_TERMINATED(1.0)" agencyID="StatCan" version="1.0">
        <com:Name xml:lang="en">Terminated</com:Name>
        <com:Name xml:lang="fr">Terminé</com:Name>
        <str:Code id="0" urn="urn:sdmx:org.sdmx.infomodel.codelist.Code=StatCan:CL_TERMINATED(1.0).0">
          <com:Name xml:lang="en">0 = active</com:Name>
          <com:Name xml:lang="fr">0 = actif</com:Name>
        </str:Code>
        <str:Code id="1" urn="urn:sdmx:org.sdmx.infomodel.codelist.Code=StatCan:CL_TERMINATED(1.0).1">
          <com:Name xml:lang="en">t = terminated</com:Name>
          <com:Name xml:lang="fr">t = terminé</com:Name>
        </str:Code>
      </str:Codelist>
      <str:Codelist id="CL_UOM" urn="urn:sdmx:org.sdmx.infomodel.codelist.Codelist=StatCan:CL_UOM(1.0)" agencyID="StatCan" version="1.0">
        <com:Name xml:lang="en">Unit of measure</com:Name>
        <com:Name xml:lang="fr">Unité de mesure</com:Name>
        <str:Code id="249" urn="urn:sdmx:org.sdmx.infomodel.codelist.Code=StatCan:CL_UOM(1.0).249">
          <com:Name xml:lang="en">Persons</com:Name>
          <com:Name xml:lang="fr">Personnes</com:Name>
        </str:Code>
        <str:Code id="242" urn="urn:sdmx:org.sdmx.infomodel.codelist.Code=StatCan:CL_UOM(1.0).242">
          <com:Name xml:lang="en">Percentage</com:Name>
          <com:Name xml:lang="fr">Pourcentage</com:Name>
        </str:Code>
      </str:Codelist>
    </str:Codelists>
    <str:Concepts>
      <str:ConceptScheme id="CONCEPTS" urn="urn:sdmx:org.sdmx.infomodel.conceptscheme.ConceptScheme=StatCan:CONCEPTS(1.0)" agencyID="StatCan" version="1.0">
        <com:Name xml:lang="en">Concepts of Labour force characteristics, monthly, seasonally adjusted and trend-cycle, last 5 months</com:Name>
        <com:Name xml:lang="fr">Concepts de Caractéristiques de la population active, données mensuelles désaisonnalisées et la tendance-cycle, 5 derniers mois</com:Name>
        <str:Concept id="Geography" urn="urn:sdmx:org.sdmx.infomodel.conceptscheme.Concept=StatCan:CONCEPTS(1.0).Geography">
          <com:Name xml:lang="en">Geography</com:Name>
          <com:Name xml:lang="fr">Géographie</com:Name>
        </str:Concept>
        <str:Concept id="Labour_force_characteristics" urn="urn:sdmx:org.sdmx.infomodel.conceptscheme.Concept=StatCan:CONCEPTS(1.0).Labour_force_characteristics">
          <com:Name xml:lang="en">Labour force characteristics</com:Name>
          <com:Name xml:lang="fr">Caractéristiques de la population active</com:Name>
        </str:Concept>
        <str:Concept id="Sex" urn="urn:sdmx:org.sdmx.infomodel.conceptscheme.Concept=StatCan:CONCEPTS(1.0).Sex">
          <com:Name xml:lang="en">Sex</com:Name>
          <com:Name xml:lang="fr">Sexe</com:Name>
        </str:Concept>
        <str:Concept id="Age_group" urn="urn:sdmx:org.sdmx.infomodel.conceptscheme.Concept=StatCan:CONCEPTS(1.0).Age_group">
          <com:Name xml:lang="en">Age group</com:Name>
          <com:Name xml:lang="fr">Groupe d'âge</com:Name>
        </str:Concept>
        <str:Concept id="Statistics" urn="urn:sdmx:org.sdmx.infomodel.conceptscheme.Concept=StatCan:CONCEPTS(1.0).Statistics">
          <com:Name xml:lang="en">Statistics</com:Name>
          <com:Name xml:lang="fr">Statistiques</com:Name>
        </str:Concept>
        <str:Concept id="Data_type" urn="urn:sdmx:org.sdmx.infomodel.conceptscheme.Concept=StatCan:CONCEPTS(1.0).Data_type">
          <com:Name xml:lang="en">Data type</com:Name>
          <com:Name xml:lang="fr">Type de données</com:Name>
        </str:Concept>
        <str:Concept id="TIME_PERIOD" urn="urn:sdmx:org.sdmx.infomodel.conceptscheme.Concept=StatCan:CONCEPTS(1.0).TIME_PERIOD">
          <com:Name xml:lang="en">Time</com:Name>
          <com:Name xml:lang="fr">Temps</com:Name>
        </str:Concept>
        <str:Concept id="OBS_VALUE" urn="urn:sdmx:org.sdmx.infomodel.conceptscheme.Concept=StatCan:CONCEPTS(1.0).OBS_VALUE">
          <com:Name xml:lang="en">Observation Value</com:Name>
          <com:Name xml:lang="fr">Valeur de l'observation</com:Name>
        </str:Concept>
        <str:Concept id="UOM" urn="urn:sdmx:org.sdmx.infomodel.conceptscheme.Concept=StatCan:CONCEPTS(1.0).UOM">
          <com:Name xml:lang="en">Unit of measure</com:Name>
          <com:Name xml:lang="fr">Unité de mesure</com:Name>
        </str:Concept>
        <str:Concept id="DGUID" urn="urn:sdmx:org.sdmx.infomodel.conceptscheme.Concept=StatCan:CONCEPTS(1.0).DGUID">
          <com:Name xml:lang="en">DGUID</com:Name>
          <com:Name xml:lang="fr">DGUID</com:Name>
        </str:Concept>
        <str:Concept id="SCALAR_FACTOR" urn="urn:sdmx:org.sdmx.infomodel.conceptscheme.Concept=StatCan:CONCEPTS(1.0).SCALAR_FACTOR">
          <com:Name xml:lang="en">Scalar Factor</com:Name>
          <com:Name xml:lang="fr">Facteur scalaire</com:Name>
        </str:Concept>
        <str:Concept id="NB_DECIMAL" urn="urn:sdmx:org.sdmx.infomodel.conceptscheme.Concept=StatCan:CONCEPTS(1.0).NB_DECIMAL">
          <com:Name xml:lang="en">Number of decimal</com:Name>
          <com:Name xml:lang="fr">Nombre de décimals</com:Name>
        </str:Concept>
        <str:Concept id="VECTOR_ID" urn="urn:sdmx:org.sdmx.infomodel.conceptscheme.Concept=StatCan:CONCEPTS(1.0).VECTOR_ID">
          <com:Name xml:lang="en">Vector ID</com:Name>
          <com:Name xml:lang="fr">Identifiant de vecteur</com:Name>
        </str:Concept>
        <str:Concept id="SYMBOL" urn="urn:sdmx:org.sdmx.infomodel.conceptscheme.Concept=StatCan:CONCEPTS(1.0).SYMBOL">
          <com:Name xml:lang="en">Symbol</com:Name>
          <com:Name xml:lang="fr">Symbole</com:Name>
        </str:Concept>
        <str:Concept id="STATUS_CAN" urn="urn:sdmx:org.sdmx.infomodel.conceptscheme.Concept=StatCan:CONCEPTS(1.0).STATUS_CAN">
          <com:Name xml:lang="en">Status</com:Name>
          <com:Name xml:lang="fr">Statut</com:Name>
        </str:Concept>
        <str:Concept id="TERMINATED" urn="urn:sdmx:org.sdmx.infomodel.conceptscheme.Concept=StatCan:CONCEPTS(1.0).TERMINATED">
          <com:Name xml:lang="en">Terminated</com:Name>
          <com:Name xml:lang="fr">Terminé</com:Name>
        </str:Concept>
        <str:Concept id="SECURITY_LEVEL" urn="urn:sdmx:org.sdmx.infomodel.conceptscheme.Concept=StatCan:CONCEPTS(1.0).SECURITY_LEVEL">
          <com:Name xml:lang="en">Security Level</com:Name>
          <com:Name xml:lang="fr">Niveau de sécurité</com:Name>
        </str:Concept>
      </str:ConceptScheme>
    </str:Concepts>
    <str:DataStructures>
      <str:DataStructure id="Data_Structure_14100287" urn="urn:sdmx:org.sdmx.infomodel.datastructure.DataStructure=StatCan:Data_Structure_14100287(1.0)" agencyID="StatCan" version="1.0">
        <com:Annotations>
          <com:Annotation id="Footnote_1">
            <com:AnnotationType>Footnote</com:AnnotationType>
            <com:AnnotationText xml:lang="en">Fluctuations in economic time series are caused by seasonal, cyclical and irregular movements. A seasonally adjusted series is one from which seasonal movements have been eliminated. Seasonal movements are defined as those which are caused by regular annual events such as climate, holidays, vacation periods and cycles related to crops, production and retail sales associated with Christmas and Easter. It should be noted that the seasonally adjusted series contain irregular as well as longer-term cyclical fluctuations. The seasonal adjustment program is a complicated computer program which differentiates between these seasonal, cyclical and irregular movements in a series over a number of years and, on the basis of past movements, estimates appropriate seasonal factors for current data. On an annual basis, the historic series of seasonally adjusted data are revised in light of the most recent information on changes in seasonality.</com:AnnotationText>
            <com:AnnotationText xml:lang="fr">Les fluctuations dans les séries chronologiques d'ordre économique sont causées par les mouvements saisonniers, cycliques et irréguliers. Une série désaisonnalisée est une série dans laquelle on a supprimé les mouvements saisonniers. Ces derniers sont définis comme étant causés par des événements annuels réguliers tels que les variations des conditions climatiques, les vacances, les cycles agricoles et les cycles de production et de vente au détail durant la période de Noël et de Pâques. Il faut souligner que les séries désaisonnalisées présentent des fluctuations irrégulières de même que des fluctuations cycliques à long terme. Le programme de désaisonnalisation est un programme informatique complexe qui détermine les saisonniers, cycliques et irréguliers d'une série sur un certain nombre d'années et qui, d'après les mouvements antérieurs, donne des estimations de facteurs saisonniers pertinents eut égard aux données actuelles. Sur une base annuelle, les séries chronologiques des données désaisonnalisées sont révisées à la lumière de la plus récente information sur les changements dans la saisonnalité.</com:AnnotationText>
          </com:Annotation>
          <com:Annotation id="Footnote_2">
            <com:AnnotationType>Footnote</com:AnnotationType>
            <com:AnnotationText xml:lang="en">Number of persons of working age, 15 years and over. Estimates in thousands, rounded to the nearest hundred.</com:AnnotationText>
            <com:AnnotationText xml:lang="fr">Nombre de personnes en âge de travailler de 15 ans et plus. Les estimations sont exprimées en milliers et arrondies à la centaine près.</com:AnnotationText>
          </com:Annotation>
          <com:Annotation id="Footnote_3">
            <com:AnnotationType>Footnote</com:AnnotationType>
            <com:AnnotationText xml:lang="en">Number of civilian, non-institutionalized persons 15 years of age and over who, during the reference week, were employed or unemployed. Estimates in thousands, rounded to the nearest hundred.</com:AnnotationText>
            <com:AnnotationText xml:lang="fr">Nombre de personnes civiles, hors institution et âgées de 15 ans et plus qui, au cours de la semaine de référence, étaient occupées ou en chômage. Les estimations sont exprimées en milliers et arrondies à la centaine près.</com:AnnotationText>
          </com:Annotation>
          <com:Annotation id="Footnote_4">
            <com:AnnotationType>Footnote</com:AnnotationType>
            <com:AnnotationText xml:lang="en">Number of persons who, during the reference week, worked for pay or profit, or performed unpaid family work or had a job but were not at work due to own illness or disability, personal or family responsibilities, labour dispute, vacation, or other reason. Those persons on layoff and persons without work but who had a job to start at a definite date in the future are not considered employed. Estimates in thousands, rounded to the nearest hundred.</com:AnnotationText>
            <com:AnnotationText xml:lang="fr">Nombre de personnes qui, au cours de la semaine de référence, ont fait un travail quelconque contre rémunération ou en vue d'un bénéfice (comprend également le travail familial non rémunéré), ou avaient un emploi mais n'étaient pas au travail à cause d'une maladie ou d'une incapacité, pour obligations personnelles ou familiales, pour des vacances, par suite d'un conflit de travail ou du fait de tout autre facteur. Les personnes mises à pied et celles qui avaient un emploi devant commencer à une date ultérieure ne sont pas considérées comme étant occupées. Les estimations sont exprimées en milliers et arrondies à la centaine près.</com:AnnotationText>
          </com:Annotation>
          <com:Annotation id="Footnote_5">
            <com:AnnotationType>Footnote</com:AnnotationType>
            <com:AnnotationText xml:lang="en">Full-time employment consists of persons who usually work 30 hours or more per week at their main or only job. Estimates in thousands, rounded to the nearest hundred.</com:AnnotationText>
            <com:AnnotationText xml:lang="fr">L'emploi à temps plein se compose des personnes qui travaillent habituellement 30 heures ou plus par semaine à leur emploi principal ou seul emploi. Les estimations sont exprimées en milliers et arrondies à la centaine près.</com:AnnotationText>
          </com:Annotation>
          <com:Annotation id="Footnote_6">
            <com:AnnotationType>Footnote</com:AnnotationType>
            <com:AnnotationText xml:lang="en">Part-time employment consists of persons who usually work less than 30 hours per week at their main or only job. Estimates in thousands, rounded to the nearest hundred.</com:AnnotationText>
            <com:AnnotationText xml:lang="fr">L'emploi à temps partiel se compose des personnes qui travaillent habituellement moins de 30 heures par semaine à leur emploi principal ou seul emploi. Les estimations sont exprimées en milliers et arrondies à la centaine près.</com:AnnotationText>
          </com:Annotation>
          <com:Annotation id="Footnote_7">
            <com:AnnotationType>Footnote</com:AnnotationType>
            <com:AnnotationText xml:lang="en">Number of persons who, during the reference week, were without work, had looked for work in the past four weeks, and were available for work. Those persons on layoff or who had a new job to start in four weeks or less are considered unemployed. Estimates in thousands, rounded to the nearest hundred.</com:AnnotationText>
            <com:AnnotationText xml:lang="fr">Nombre de personnes qui, au cours de la semaine de référence, étaient sans emploi, avaient cherché un emploi au cours des quatre dernières semaines et étaient disponibles pour travailler. Les personnes mises à pied ou ayant un nouvel emploi devant commencer dans quatre semaines ou moins sont considérées comme en chômage. Les estimations sont exprimées en milliers et arrondies à la centaine près.</com:AnnotationText>
          </com:Annotation>
          <com:Annotation id="Footnote_8">
            <com:AnnotationType>Footnote</com:AnnotationType>
            <com:AnnotationText xml:lang="en">The unemployment rate is the number of unemployed persons expressed as a percentage of the labour force. The unemployment rate for a particular group (age, sex, marital status, etc.) is the number unemployed in that group expressed as a percentage of the labour force for that group. Estimates are percentages, rounded to the nearest tenth.</com:AnnotationText>
            <com:AnnotationText xml:lang="fr">Le taux de chômage est le nombre de personnes en chômage exprimé en pourcentage de la population active. Le taux de chômage pour un groupe donné (âge, sexe, état matrimonial, etc.) correspond au nombre de chômeurs dans ce groupe exprimé en pourcentage de la population active de ce groupe. Les estimations sont exprimées en pourcentage et arrondies au dixième près.</com:AnnotationText>
          </com:Annotation>
          <com:Annotation id="Footnote_9">
            <com:AnnotationType>Footnote</com:AnnotationType>
            <com:AnnotationText xml:lang="en">The participation rate is the number of labour force participants expressed as a percentage of the population 15 years of age and over. The participation rate for a particular group (age, sex, marital status, etc.) is the number of labour force participants in that group expressed as a percentage of the population for that group. Estimates are percentages, rounded to the nearest tenth.</com:AnnotationText>
            <com:AnnotationText xml:lang="fr">Le taux d'activité est le nombre de personnes faisant partie de la population active exprimé en pourcentage de la population âgée de 15 ans et plus. Le taux d'activité pour un groupe donné (âge, sexe, état matrimonial, etc.) correspond à la population active dans ce groupe exprimée en pourcentage de la population de ce groupe. Les estimations sont exprimées en pourcentage et arrondies au dixième près.</com:AnnotationText>
          </com:Annotation>
          <com:Annotation id="Footnote_10">
            <com:AnnotationType>Footnote</com:AnnotationType>
            <com:AnnotationText xml:lang="en">The employment rate is the number of persons employed expressed as a percentage of the population 15 years of age and over. The employment rate for a particular group (age, sex, marital status, etc.) is the number employed in that group expressed as a percentage of the population for that group. Estimates are percentages, rounded to the nearest tenth.</com:AnnotationText>
            <com:AnnotationText xml:lang="fr">Le taux d'emploi est le nombre de personnes occupées exprimé en pourcentage de la population âgée de 15 ans et plus. Le taux d'emploi pour un groupe donné (âge, sexe, état matrimonial, etc.) correspond au nombre de personnes occupées dans ce groupe exprimé en pourcentage de la population de ce groupe. Les estimations sont exprimées en pourcentage et arrondies au dixième près.</com:AnnotationText>
          </com:Annotation>
          <com:Annotation id="Footnote_11">
            <com:AnnotationType>Footnote</com:AnnotationType>
            <com:AnnotationText xml:lang="en">To ensure respondent confidentiality, estimates below a certain threshold are suppressed. For Canada, Quebec, Ontario, Alberta and British Columbia suppression is applied to all data below 1,500. The threshold level for Newfoundland and Labrador, Nova Scotia, New Brunswick, Manitoba and Saskatchewan is 500, while in Prince Edward Island, estimates under 200 are supressed. For census metropolitan areas (CMAs) and economic regions (ERs), use their respective provincial suppression levels mentioned above. Estimates are based on smaller sample sizes the more detailed the table becomes, which could result in lower data quality.</com:AnnotationText>
            <com:AnnotationText xml:lang="fr">Pour assurer la confidentialité du répondant, les données inférieures à un certain seuil sont supprimées. Pour le Canada, le Québec, l'Ontario, l'Alberta et la Colombie-Britannique, la suppression est appliquée à toutes les données inférieures à 1 500. Le seuil de suppression pour Terre-Neuve-et-Labrador, la Nouvelle-Écosse, le Nouveau-Brunswick, le Manitoba et la Saskatchewan est de 500, alors que pour l'Île-du-Prince-Édouard, les estimations inférieures à 200 sont supprimées. Pour les régions métropolitaines de recensement (RMR) et les régions économiques (RE), reportez-vous aux seuils de suppression de leurs provinces respectives mentionnés ci-dessus. Plus le tableau est détaillé, plus la taille de l’échantillon sur lequel les estimés sont basés est petite, ce qui peut résulter en une plus faible qualité des données.</com:AnnotationText>
          </com:Annotation>
          <com:Annotation id="Footnote_13">
            <com:AnnotationType>Footnote</com:AnnotationType>
            <com:AnnotationText xml:lang="en">For more information on seasonal adjustment see &lt;a href="http://www.statcan.gc.ca/eng/dai/btd/sad-faq">Seasonally adjusted data - Frequently asked questions&lt;/a>.</com:AnnotationText>
            <com:AnnotationText xml:lang="fr">Pour plus de renseignement sur la désaisonnalisation voir &lt;a href="http://www.statcan.gc.ca/fra/quo/bdd/dd-faq">Données désaisonnalisées - Foire aux questions&lt;/a>.</com:AnnotationText>
          </com:Annotation>
          <com:Annotation id="Footnote_14">
            <com:AnnotationType>Footnote</com:AnnotationType>
            <com:AnnotationText xml:lang="en">From December 2000 to January 2001, there is a slight level shift in the population series. This is due to the 2015 population rebasing, which was revised back to 2001. This level shift is evident for certain age groups and in two provinces (Manitoba and Saskatchewan). These shifts are minor for labour force estimates and rates.</com:AnnotationText>
            <com:AnnotationText xml:lang="fr">Le changement de base démographique en 2015, dont la révision de données débute avec celles de 2001, a produit une légère rupture dans la série d'estimations démographiques entre décembre 2000 et janvier 2001. Cette rupture est observable chez certains groupes d'âge et dans deux provinces (Manitoba et Saskatchewan). Toutefois, ces changements sont mineurs pour les estimations de la population active et les taux.</com:AnnotationText>
          </com:Annotation>
          <com:Annotation id="Footnote_15">
            <com:AnnotationType>Footnote</com:AnnotationType>
            <com:AnnotationText xml:lang="en">These data represent a smoothed version of the seasonally adjusted time series. They provide information on longer-term movements, including changes in direction underlying the series. For more information, see &lt;a href="http://www.statcan.gc.ca/eng/dai/btd/tce-faq">Trend-cycle estimates: Frequently asked questions&lt;/a>.</com:AnnotationText>
            <com:AnnotationText xml:lang="fr">Les données relatives à la tendance-cycle représentent une version lissée d'une série chronologique désaisonnalisée et visent à fournir des renseignements sur les mouvements à plus long terme, incluant les changements dans la direction qui sous-tend la série. Pour plus de renseignement, voir &lt;a href="http://www.statcan.gc.ca/fra/quo/bdd/etc-faq">Estimations de la tendance-cycle : foire aux questions&lt;/a>.</com:AnnotationText>
          </com:Annotation>
          <com:Annotation id="Footnote_16">
            <com:AnnotationType>Footnote</com:AnnotationType>
            <com:AnnotationText xml:lang="en">The standard error (SE) of an estimate is an indicator of the variability associated with this estimate, as the estimate is based on a sample rather than the entire population. The SE can be used to construct confidence intervals and calculate coefficients of variation (CVs). The confidence interval can be built by adding the SE to an estimate in order to determine the upper limit of this interval, and by subtracting the same amount from the estimate to determine the lower limit. The CV can be calculated by dividing the SE by the estimate. See Section 7 of the &lt;a href="http://www5.statcan.gc.ca/olc-cel/olc.action?ObjId=71-543-G&amp;ObjType=2&amp;lang=en&amp;limit=0">Guide to the Labour Force Survey&lt;/a> for more information. The standard errors presented in this table are the average of the standard errors for 12 previous months, and are updated twice a year, in February and August.</com:AnnotationText>
            <com:AnnotationText xml:lang="fr">L'erreur-type d'une estimation est un indicateur de la variabilité associée à cette estimation, cette dernière étant basée sur un échantillon plutôt que sur la population entière. L'erreur-type peut servir à établir les intervalles de confiance et à calculer les coefficients de variation (c.v.). On construit l'intervalle de confiance en additionnant l'erreur-type à l'estimation afin d'établir la limite supérieure de l'intervalle, puis en soustrayant de l'estimation la même erreur-type pour fixer la limite inférieure. Le coefficient de variation se calcule en divisant l'erreur-type par l'estimation. Voir la section 7 du &lt;a href="http://www5.statcan.gc.ca/olc-cel/olc.action?ObjId=71-543-G&amp;ObjType=2&amp;lang=fr&amp;limit=0">Guide de l'Enquête sur la population active&lt;/a> pour en savoir davantage. Les erreurs-types présentées dans ce tableau sont la moyenne des erreurs-types pour les 12 derniers mois et sont mises à jour deux fois par année, en février et en août.</com:AnnotationText>
          </com:Annotation>
          <com:Annotation id="Footnote_17">
            <com:AnnotationType>Footnote</com:AnnotationType>
            <com:AnnotationText xml:lang="en">The standard error (SE) for the month-to-month change is an indicator of the variability associated with the estimate of the change between two consecutive months, because each monthly estimate is based on a sample rather than the entire population. To construct confidence intervals, the SE is added to an estimate in order to determine the upper limit of this interval, and then subtracted from the estimate to determine the lower limit. Using this method, the true value will fall within one SE of the estimate approximately 68% of the time, and within two standard errors approximately 95% of the time. For example, if the estimated employment level increases by 20,000 from one month to another and the associated SE is 29,000, the true value of the employment change has a 68% chance of falling between -9,000 and +49,000. Because such a confidence interval includes zero, the 20,000 change would not be considered statistically significant. However, if the increase is 30,000, the confidence interval would be +1,000 to +59,000, and the 30,000 increase would be considered statistically significant. (Note that 30,000 is above the SE of 29,000, and that the confidence interval does not include zero.) Similarly, if the estimated employment declines by 30,000, then the true value of the decline would fall between -59,000 and -1,000. See Section 7 of the &lt;a href="http://www5.statcan.gc.ca/olc-cel/olc.action?ObjId=71-543-G&amp;ObjType=2&amp;lang=en&amp;limit=0">Guide to the Labour Force Survey&lt;/a> for more information. The standard errors presented in this table are the average of standard errors for 12 previous months. They are updated twice a year, in February and August. Note that the estimate of the month-to-month change is not included in this table. It can be calculated by taking the estimate level for one month and subtracting from it the estimate level of the previous month.</com:AnnotationText>
            <com:AnnotationText xml:lang="fr">L'erreur-type relative à la variation d'un mois à l'autre est un indicateur de la variabilité associée à l'estimation de cette variation entre deux mois consécutifs, car chaque estimation mensuelle est basée sur un échantillon plutôt que sur l'ensemble de la population. On construit l'intervalle de confiance en additionnant l'erreur-type à l'estimation afin d'établir la limite supérieure de l'intervalle, puis en soustrayant de l'estimation la même erreur-type pour fixer la limite inférieure. Selon cette méthode, la valeur réelle se trouve à une erreur-type de l'estimation environ 68 % du temps, et à deux erreurs-types environ 95 % du temps. Par exemple, si l'emploi estimé a augmenté de 20 000 d'un mois à l'autre et si l'erreur-type est de 29 000, il y a une probabilité de 68 % que la valeur réelle de la variation de l'emploi se trouve entre -9 000 et +49 000. Puisque cet intervalle de confiance inclut zéro, la variation de 20 000 ne serait pas considérée statistiquement significative. Toutefois, si la hausse d'emploi est de 30 000, l'intervalle de confiance serait entre +1 000 et +59 000, et la hausse de 30 000 serait considérée statistiquement significative. (À noter que 30 000 est au-dessus de l'erreur-type de 29 000, et que l'intervalle de confiance n'inclut pas zéro.) De même, si l'emploi estimé baisse de 30 000, la valeur réelle de la baisse tomberait entre -59 000 et -1 000. Voir la section 7 du &lt;a href="http://www5.statcan.gc.ca/olc-cel/olc.action?ObjId=71-543-G&amp;ObjType=2&amp;lang=fr&amp;limit=0">Guide de l'Enquête sur la population active&lt;/a> pour en savoir davantage. Les erreurs-types présentées dans ce tableau sont la moyenne des erreurs-types pour les 12 derniers mois et sont mises à jour deux fois par année, en février et en août. Il convient de noter que l'estimation de la variation d'un mois à l'autre ne figure pas dans ce tableau. On peut la calculer en soustrayant la valeur de l'estimation d'un mois donné de la valeur de l'estimation du mois antérieur.</com:AnnotationText>
          </com:Annotation>
          <com:Annotation id="Footnote_18">
            <com:AnnotationType>Footnote</com:AnnotationType>
            <com:AnnotationText xml:lang="en">The standard error (SE) for the year-over-year change is an indicator of the variability associated with the estimate of the change between a given month in a given year and the same month of the previous year, because each month's estimate is based on a sample rather than the entire population. The SE can be used to construct confidence intervals: it can be added to an estimate in order to determine the upper limit of this interval, and then subtracted from the same estimate to determine the lower limit. Using this method, the true value will fall within one SE of the estimate, approximately 68% of the time, and within two standard errors, approximately 95% of the time. For example, if the estimated employment level increases by 160,000 over 12 months and the associated SE is 55,000, the true value of the change in employment has approximately a 68% chance of falling between +105,000 and +215,000. This change would be considered statistically significant at the 68% level as the confidence interval excludes zero. However, if the increase is 40,000, the interval would be -15,000 to +95,000, and this increase would not be considered statistically significant since the interval includes zero. See Section 7 of the &lt;a href="http://www5.statcan.gc.ca/olc-cel/olc.action?ObjId=71-543-G&amp;ObjType=2&amp;lang=en&amp;limit=0">Guide to the Labour Force Survey&lt;/a> for more information. The standard errors presented in this table are the average of standard errors for 12 previous months and are updated twice a year, in February and August. Note that estimates of the year-over-year change are not included in the tables. They can be calculated by taking the estimate level for a given month in a given year and subtracting from it the estimate level of the same month in the previous year.</com:AnnotationText>
            <com:AnnotationText xml:lang="fr">L'erreur-type de la variation d'une année à l'autre est un indicateur de la variabilité associée à l'estimation de la variation entre un mois donné d'une année donnée et le même mois de l'année suivante, car chaque estimation mensuelle est basée sur un échantillon plutôt que sur la population entière. L'erreur-type peut servir à établir les intervalles de confiance : on l'additionne à l'estimation afin d'établir la limite supérieure de l'intervalle, et on la soustrait de cette même estimation pour fixer la limite inférieure. Selon cette méthode, la valeur réelle se trouve à une erreur-type de l'estimation environ 68 % du temps, et à deux erreurs-types environ 95 % du temps. Par exemple, si le niveau de l'emploi estimé a augmenté de 160 000 au cours de 12 mois et si l'erreur-type est de 55 000, il est probable à 68 % que la valeur réelle de la variation de l'emploi se trouve entre +105 000 et +215 000. Cette variation serait considérée statistiquement significative car l'intervalle de confiance n'inclut pas zéro. Toutefois, si la hausse est de 40 000, l'intervalle de confiance serait de -15 000 à +95 000 et cette hausse ne serait pas considérée statistiquement significative puisque cet intervalle inclut zéro. Voir la section 7 du &lt;a href="http://www5.statcan.gc.ca/olc-cel/olc.action?ObjId=71-543-G&amp;ObjType=2&amp;lang=fr&amp;limit=0">Guide de l'Enquête sur la population active&lt;/a> pour en savoir davantage. Les erreurs-types présentées dans ce tableau sont la moyenne des erreurs-types pour les 12 derniers mois et sont mises à jour deux fois par année, en février et en août. Il convient de noter que l'estimation de la variation d'une année à l'autre ne figure pas dans les tableaux. On peut la calculer en soustrayant la valeur de l'estimation d'un mois donné de la valeur de l'estimation du même mois de l'année suivante.</com:AnnotationText>
          </com:Annotation>
          <com:Annotation id="Footnote_19">
            <com:AnnotationType>Footnote</com:AnnotationType>
            <com:AnnotationText xml:lang="en">Excluding the territories.</com:AnnotationText>
            <com:AnnotationText xml:lang="fr">Excluant les territoires.</com:AnnotationText>
          </com:Annotation>
          <com:Annotation id="Footnote_20">
            <com:AnnotationType>Footnote</com:AnnotationType>
            <com:AnnotationText xml:lang="en">Starting in 2006, enhancements to the Labour Force Survey data processing system may have introduced a level shift in some estimates, particularly for less common labour force characteristics. Use caution when comparing estimates before and after 2006. For more information, contact statcan.labour-travail.statcan@statcan.gc.ca</com:AnnotationText>
            <com:AnnotationText xml:lang="fr">À partir de 2006, les améliorations apportées au système de traitement des données de l'Enquête sur la population active peuvent avoir introduit un changement de niveau dans certaines estimations, en particulier pour les caractéristiques les moins courantes de la population active. Soyez prudent lorsque vous comparez les estimations avant et après 2006. Pour de plus amples renseignements, veuillez communiquer avec statcan.labour-travail.statcan@statcan.gc.ca</com:AnnotationText>
          </com:Annotation>
          <com:Annotation id="CansimID">
            <com:AnnotationTitle>Cansim ID / Id Cansim</com:AnnotationTitle>
            <com:AnnotationType>CansimID</com:AnnotationType>
            <com:AnnotationText xml:lang="en">282-0087</com:AnnotationText>
            <com:AnnotationText xml:lang="fr">282-0087</com:AnnotationText>
          </com:Annotation>
          <com:Annotation id="freq">
            <com:AnnotationTitle>Frequency / Fréquence</com:AnnotationTitle>
            <com:AnnotationType>freq</com:AnnotationType>
            <com:AnnotationText xml:lang="en">Monthly</com:AnnotationText>
            <com:AnnotationText xml:lang="fr">Mensuelle</com:AnnotationText>
          </com:Annotation>
          <com:Annotation id="Subject_14">
            <com:AnnotationTitle>Subject / Suject</com:AnnotationTitle>
            <com:AnnotationType>subject</com:AnnotationType>
            <com:AnnotationText xml:lang="en">Labour</com:AnnotationText>
            <com:AnnotationText xml:lang="fr">Travail</com:AnnotationText>
          </com:Annotation>
          <com:Annotation id="archiveStatus">
            <com:AnnotationTitle>Archive / Archivé</com:AnnotationTitle>
            <com:AnnotationType>archiveStatus</com:AnnotationType>
            <com:AnnotationText xml:lang="en">CURRENT - a cube available to the public and that is current</com:AnnotationText>
            <com:AnnotationText xml:lang="fr">ACTIF - un cube qui est disponible au public et qui est toujours mise a jour</com:AnnotationText>
          </com:Annotation>
          <com:Annotation id="URL">
            <com:AnnotationTitle>URL</com:AnnotationTitle>
            <com:AnnotationType>URL</com:AnnotationType>
            <com:AnnotationText xml:lang="en">https://www150.statcan.gc.ca/t1/tbl1/en/tv.action?pid=1410028701</com:AnnotationText>
            <com:AnnotationText xml:lang="fr">https://www150.statcan.gc.ca/t1/tbl1/fr/tv.action?pid=1410028701</com:AnnotationText>
          </com:Annotation>
        </com:Annotations>
        <com:Name xml:lang="en">Data Structure of Labour force characteristics, monthly, seasonally adjusted and trend-cycle, last 5 months</com:Name>
        <com:Name xml:lang="fr">Structure de données de Caractéristiques de la population active, données mensuelles désaisonnalisées et la tendance-cycle, 5 derniers mois</com:Name>
        <str:DataStructureComponents>
          <str:DimensionList id="DimensionDescriptor" urn="urn:sdmx:org.sdmx.infomodel.datastructure.DimensionDescriptor=StatCan:Data_Structure_14100287(1.0).DimensionDescriptor">
            <str:Dimension id="Geography" urn="urn:sdmx:org.sdmx.infomodel.datastructure.Dimension=StatCan:Data_Structure_14100287(1.0).Geography" position="1">
              <str:ConceptIdentity>
                <Ref id="Geography" maintainableParentID="CONCEPTS" maintainableParentVersion="1.0" agencyID="StatCan" package="conceptscheme" class="Concept"/>
              </str:ConceptIdentity>
              <str:LocalRepresentation>
                <str:Enumeration>
                  <Ref id="CL_Geography" version="1.0" agencyID="StatCan" package="codelist" class="Codelist"/>
                </str:Enumeration>
              </str:LocalRepresentation>
            </str:Dimension>
            <str:Dimension id="Labour_force_characteristics" urn="urn:sdmx:org.sdmx.infomodel.datastructure.Dimension=StatCan:Data_Structure_14100287(1.0).Labour_force_characteristics" position="2">
              <str:ConceptIdentity>
                <Ref id="Labour_force_characteristics" maintainableParentID="CONCEPTS" maintainableParentVersion="1.0" agencyID="StatCan" package="conceptscheme" class="Concept"/>
              </str:ConceptIdentity>
              <str:LocalRepresentation>
                <str:Enumeration>
                  <Ref id="CL_Labour_force_characteristics" version="1.0" agencyID="StatCan" package="codelist" class="Codelist"/>
                </str:Enumeration>
              </str:LocalRepresentation>
            </str:Dimension>
            <str:Dimension id="Sex" urn="urn:sdmx:org.sdmx.infomodel.datastructure.Dimension=StatCan:Data_Structure_14100287(1.0).Sex" position="3">
              <str:ConceptIdentity>
                <Ref id="Sex" maintainableParentID="CONCEPTS" maintainableParentVersion="1.0" agencyID="StatCan" package="conceptscheme" class="Concept"/>
              </str:ConceptIdentity>
              <str:LocalRepresentation>
                <str:Enumeration>
                  <Ref id="CL_Sex" version="1.0" agencyID="StatCan" package="codelist" class="Codelist"/>
                </str:Enumeration>
              </str:LocalRepresentation>
            </str:Dimension>
            <str:Dimension id="Age_group" urn="urn:sdmx:org.sdmx.infomodel.datastructure.Dimension=StatCan:Data_Structure_14100287(1.0).Age_group" position="4">
              <str:ConceptIdentity>
                <Ref id="Age_group" maintainableParentID="CONCEPTS" maintainableParentVersion="1.0" agencyID="StatCan" package="conceptscheme" class="Concept"/>
              </str:ConceptIdentity>
              <str:LocalRepresentation>
                <str:Enumeration>
                  <Ref id="CL_Age_group" version="1.0" agencyID="StatCan" package="codelist" class="Codelist"/>
                </str:Enumeration>
              </str:LocalRepresentation>
            </str:Dimension>
            <str:Dimension id="Statistics" urn="urn:sdmx:org.sdmx.infomodel.datastructure.Dimension=StatCan:Data_Structure_14100287(1.0).Statistics" position="5">
              <str:ConceptIdentity>
                <Ref id="Statistics" maintainableParentID="CONCEPTS" maintainableParentVersion="1.0" agencyID="StatCan" package="conceptscheme" class="Concept"/>
              </str:ConceptIdentity>
              <str:LocalRepresentation>
                <str:Enumeration>
                  <Ref id="CL_Statistics" version="1.0" agencyID="StatCan" package="codelist" class="Codelist"/>
                </str:Enumeration>
              </str:LocalRepresentation>
            </str:Dimension>
            <str:Dimension id="Data_type" urn="urn:sdmx:org.sdmx.infomodel.datastructure.Dimension=StatCan:Data_Structure_14100287(1.0).Data_type" position="6">
              <str:ConceptIdentity>
                <Ref id="Data_type" maintainableParentID="CONCEPTS" maintainableParentVersion="1.0" agencyID="StatCan" package="conceptscheme" class="Concept"/>
              </str:ConceptIdentity>
              <str:LocalRepresentation>
                <str:Enumeration>
                  <Ref id="CL_Data_type" version="1.0" agencyID="StatCan" package="codelist" class="Codelist"/>
                </str:Enumeration>
              </str:LocalRepresentation>
            </str:Dimension>
            <str:TimeDimension id="TIME_PERIOD" urn="urn:sdmx:org.sdmx.infomodel.datastructure.TimeDimension=StatCan:Data_Structure_14100287(1.0).TIME_PERIOD" position="7">
              <str:ConceptIdentity>
                <Ref id="TIME_PERIOD" maintainableParentID="CONCEPTS" maintainableParentVersion="1.0" agencyID="StatCan" package="conceptscheme" class="Concept"/>
              </str:ConceptIdentity>
              <str:LocalRepresentation>
                <str:TextFormat/>
              </str:LocalRepresentation>
            </str:TimeDimension>
          </str:DimensionList>
          <str:AttributeList id="AttributeDescriptor" urn="urn:sdmx:org.sdmx.infomodel.datastructure.AttributeDescriptor=StatCan:Data_Structure_14100287(1.0).AttributeDescriptor">
            <str:Attribute id="UOM" urn="urn:sdmx:org.sdmx.infomodel.datastructure.DataAttribute=StatCan:Data_Structure_14100287(1.0).UOM" assignmentStatus="Mandatory">
              <str:ConceptIdentity>
                <Ref id="UOM" maintainableParentID="CONCEPTS" maintainableParentVersion="1.0" agencyID="StatCan" package="conceptscheme" class="Concept"/>
              </str:ConceptIdentity>
              <str:LocalRepresentation>
                <str:Enumeration>
                  <Ref id="CL_UOM" version="1.0" agencyID="StatCan" package="codelist" class="Codelist"/>
                </str:Enumeration>
              </str:LocalRepresentation>
              <str:AttributeRelationship>
                <str:Dimension>
                  <Ref id="Labour_force_characteristics"/>
                </str:Dimension>
              </str:AttributeRelationship>
            </str:Attribute>
            <str:Attribute id="DGUID" urn="urn:sdmx:org.sdmx.infomodel.datastructure.DataAttribute=StatCan:Data_Structure_14100287(1.0).DGUID" assignmentStatus="Conditional">
              <str:ConceptIdentity>
                <Ref id="DGUID" maintainableParentID="CONCEPTS" maintainableParentVersion="1.0" agencyID="StatCan" package="conceptscheme" class="Concept"/>
              </str:ConceptIdentity>
              <str:LocalRepresentation>
                <str:Enumeration>
                  <Ref id="CL_DGUID" version="1.0" agencyID="StatCan" package="codelist" class="Codelist"/>
                </str:Enumeration>
              </str:LocalRepresentation>
              <str:AttributeRelationship>
                <str:Dimension>
                  <Ref id="Geography"/>
                </str:Dimension>
              </str:AttributeRelationship>
            </str:Attribute>
            <str:Attribute id="SCALAR_FACTOR" urn="urn:sdmx:org.sdmx.infomodel.datastructure.DataAttribute=StatCan:Data_Structure_14100287(1.0).SCALAR_FACTOR" assignmentStatus="Mandatory">
              <str:ConceptIdentity>
                <Ref id="SCALAR_FACTOR" maintainableParentID="CONCEPTS" maintainableParentVersion="1.0" agencyID="StatCan" package="conceptscheme" class="Concept"/>
              </str:ConceptIdentity>
              <str:LocalRepresentation>
                <str:Enumeration>
                  <Ref id="CL_SCALAR_FACTOR" version="1.0" agencyID="StatCan" package="codelist" class="Codelist"/>
                </str:Enumeration>
              </str:LocalRepresentation>
              <str:AttributeRelationship>
                <str:PrimaryMeasure>
                  <Ref id="OBS_VALUE"/>
                </str:PrimaryMeasure>
              </str:AttributeRelationship>
            </str:Attribute>
            <str:Attribute id="VECTOR_ID" urn="urn:sdmx:org.sdmx.infomodel.datastructure.DataAttribute=StatCan:Data_Structure_14100287(1.0).VECTOR_ID" assignmentStatus="Mandatory">
              <str:ConceptIdentity>
                <Ref id="VECTOR_ID" maintainableParentID="CONCEPTS" maintainableParentVersion="1.0" agencyID="StatCan" package="conceptscheme" class="Concept"/>
              </str:ConceptIdentity>
              <str:LocalRepresentation>
                <str:TextFormat/>
              </str:LocalRepresentation>
              <str:AttributeRelationship>
                <str:PrimaryMeasure>
                  <Ref id="OBS_VALUE"/>
                </str:PrimaryMeasure>
              </str:AttributeRelationship>
            </str:Attribute>
            <str:Attribute id="NB_DECIMAL" urn="urn:sdmx:org.sdmx.infomodel.datastructure.DataAttribute=StatCan:Data_Structure_14100287(1.0).NB_DECIMAL" assignmentStatus="Mandatory">
              <str:ConceptIdentity>
                <Ref id="NB_DECIMAL" maintainableParentID="CONCEPTS" maintainableParentVersion="1.0" agencyID="StatCan" package="conceptscheme" class="Concept"/>
              </str:ConceptIdentity>
              <str:LocalRepresentation>
                <str:TextFormat/>
              </str:LocalRepresentation>
              <str:AttributeRelationship>
                <str:PrimaryMeasure>
                  <Ref id="OBS_VALUE"/>
                </str:PrimaryMeasure>
              </str:AttributeRelationship>
            </str:Attribute>
            <str:Attribute id="SYMBOL" urn="urn:sdmx:org.sdmx.infomodel.datastructure.DataAttribute=StatCan:Data_Structure_14100287(1.0).SYMBOL" assignmentStatus="Conditional">
              <str:ConceptIdentity>
                <Ref id="SYMBOL" maintainableParentID="CONCEPTS" maintainableParentVersion="1.0" agencyID="StatCan" package="conceptscheme" class="Concept"/>
              </str:ConceptIdentity>
              <str:LocalRepresentation>
                <str:Enumeration>
                  <Ref id="CL_SYMBOL" version="1.0" agencyID="StatCan" package="codelist" class="Codelist"/>
                </str:Enumeration>
              </str:LocalRepresentation>
              <str:AttributeRelationship>
                <str:PrimaryMeasure>
                  <Ref id="OBS_VALUE"/>
                </str:PrimaryMeasure>
              </str:AttributeRelationship>
            </str:Attribute>
            <str:Attribute id="STATUS_CAN" urn="urn:sdmx:org.sdmx.infomodel.datastructure.DataAttribute=StatCan:Data_Structure_14100287(1.0).STATUS_CAN" assignmentStatus="Conditional">
              <str:ConceptIdentity>
                <Ref id="STATUS_CAN" maintainableParentID="CONCEPTS" maintainableParentVersion="1.0" agencyID="StatCan" package="conceptscheme" class="Concept"/>
              </str:ConceptIdentity>
              <str:LocalRepresentation>
                <str:Enumeration>
                  <Ref id="CL_STATUS_CAN" version="1.0" agencyID="StatCan" package="codelist" class="Codelist"/>
                </str:Enumeration>
              </str:LocalRepresentation>
              <str:AttributeRelationship>
                <str:PrimaryMeasure>
                  <Ref id="OBS_VALUE"/>
                </str:PrimaryMeasure>
              </str:AttributeRelationship>
            </str:Attribute>
            <str:Attribute id="TERMINATED" urn="urn:sdmx:org.sdmx.infomodel.datastructure.DataAttribute=StatCan:Data_Structure_14100287(1.0).TERMINATED" assignmentStatus="Conditional">
              <str:ConceptIdentity>
                <Ref id="TERMINATED" maintainableParentID="CONCEPTS" maintainableParentVersion="1.0" agencyID="StatCan" package="conceptscheme" class="Concept"/>
              </str:ConceptIdentity>
              <str:LocalRepresentation>
                <str:Enumeration>
                  <Ref id="CL_TERMINATED" version="1.0" agencyID="StatCan" package="codelist" class="Codelist"/>
                </str:Enumeration>
              </str:LocalRepresentation>
              <str:AttributeRelationship>
                <str:PrimaryMeasure>
                  <Ref id="OBS_VALUE"/>
                </str:PrimaryMeasure>
              </str:AttributeRelationship>
            </str:Attribute>
            <str:Attribute id="SECURITY_LEVEL" urn="urn:sdmx:org.sdmx.infomodel.datastructure.DataAttribute=StatCan:Data_Structure_14100287(1.0).SECURITY_LEVEL" assignmentStatus="Conditional">
              <str:ConceptIdentity>
                <Ref id="SECURITY_LEVEL" maintainableParentID="CONCEPTS" maintainableParentVersion="1.0" agencyID="StatCan" package="conceptscheme" class="Concept"/>
              </str:ConceptIdentity>
              <str:LocalRepresentation>
                <str:Enumeration>
                  <Ref id="CL_SECURITY_LEVEL" version="1.0" agencyID="StatCan" package="codelist" class="Codelist"/>
                </str:Enumeration>
              </str:LocalRepresentation>
              <str:AttributeRelationship>
                <str:PrimaryMeasure>
                  <Ref id="OBS_VALUE"/>
                </str:PrimaryMeasure>
              </str:AttributeRelationship>
            </str:Attribute>
          </str:AttributeList>
          <str:MeasureList id="MeasureDescriptor" urn="urn:sdmx:org.sdmx.infomodel.datastructure.MeasureDescriptor=StatCan:Data_Structure_14100287(1.0).MeasureDescriptor">
            <str:PrimaryMeasure id="OBS_VALUE" urn="urn:sdmx:org.sdmx.infomodel.datastructure.PrimaryMeasure=StatCan:Data_Structure_14100287(1.0).OBS_VALUE">
              <str:ConceptIdentity>
                <Ref id="OBS_VALUE" maintainableParentID="CONCEPTS" maintainableParentVersion="1.0" agencyID="StatCan" package="conceptscheme" class="Concept"/>
              </str:ConceptIdentity>
            </str:PrimaryMeasure>
          </str:MeasureList>
        </str:DataStructureComponents>
      </str:DataStructure>
    </str:DataStructures>
  </mes:Structures>
</mes:Structure>